item,category
(냉동) 비비고 테이블 본갈비탕 700g,0
(냉동) 비비고 테이블 본갈비탕 700gX2개 + 특설렁탕 700gX2개 + 특양지곰탕 700gX2개,0
(냉동) 비비고 테이블 본갈비탕 700gX3개,0
(냉동) 비비고 테이블 특 선물세트 (본갈비탕700g + 특양지곰탕700g + 특설렁탕700g),0
(냉동) 비비고 테이블 특설렁탕 700g,0
(냉동) 비비고 테이블 특양지곰탕 700g,0
1+등급 건강란 15구,0
100% 통들깨 들기름 300ml,10
4無 김밥단무지 370g,0
4無 꼬들꼬들 단무지 200g,0
4無 맛 단무지 260g,0
4無 치자 이절 단무지 400g,0
4無 치자단무지와 우엉 220g,0
5가지 재료로만 만든 부침가루 1kg,10
5가지 재료로만 만든 튀김가루 1kg,10
BYO 면역플러스 60캡슐(2개월)X2개,8
BYO 유산균 면역플러스 60캡슐(2개월),8
CJ 교자만두1.41kg,3
CJ 꼬마너겟 750g,3
CJ 꼬마돈까스 1.2kg,5
CJ 납작군만두 700g,3
CJ 동물복지 유정란10구,0
CJ 동물복지 유정란15구,0
CJ 오리엔탈드레싱 620g,10
CJ 하선정 포기김치 5kg,0
CJ명가 김밥김 22g,0
CJ명가 버터간장김자반50g,0
CJ명가 재래김 4gX 16개,0
CJ명가 지구를생각한바삭한김 4gX 20개,0
CJ명가 직화구이김 4.5gX 16개,0
CJ명가 직화구이김 4.5gX 20개,0
CJ명가 직화구이김 4.5gX 30개,0
CJ명가 직화돌김 4.5gX 16개,0
CJ명가 토종김 참기름 20gX3ea,0
CJ명가 토종김 참기름 5gX 20개,0
CJ명가 토종김 참기름5gX6ea,0
CJ명가 파래김 4gX 16개,0
CJ명가 한식간장김 4gX 12개,0
CJ명가 한식간장김자반 20g,0
CJ명가 한식간장김자반 50g,0
CJ명가 한식간장김자반 50gX 2개,0
EXCYCLE 바삭칩 골라담기,4
EXCYCLE 바삭칩 오리지널 45g,4
EXCYCLE 바삭칩 트러플 45g,4
EXCYCLE 바삭칩 핫스파이시 45g,4
The더건강한 그릴김밥햄 140g*2,1
The더건강한 그릴비엔나 200g,1
The더건강한 그릴비엔나 200g*2,1
The더건강한 그릴비엔나280g*2,1
The더건강한 그릴후랑크300g*2,1
The더건강한 등심슬라이스250g,1
The더건강한 샌드위치햄 90g,1
The더건강한 오리지널 부어스트 260g*2,1
The더건강한 후랑크 150g,1
[1+1][식물성] 플랜테이블 왕교자 420g*2 (유통기한 23.10.04까지),3
[1+1]가쓰오우동 2인분 466.6g,6
[1+1]가쓰오우동 2인분+튀김우동 2인분 (유통기한 23.08.04까지),6
[1+1]고메 갈릭치즈 피자 325g,3
[1+1]고메 숯불향오븐구이 400g,3
[1+1]고메 스윗치즈 피자 325g,3
[1+1]고메 알싸쯔란봉 355g,3
[1+1]고메 칠리감바스 피자 350g,3
[1+1]고메 크리스피너겟 450g,3
[1+1]고메 토마토치즈 피자 345g,3
[1+1]고메 화끈불닭봉 355g,3
[1+1]국물가득 토마토매콤 파스타 632.2g,6
[1+1]다담 된장찌개 양념 530g,10
[1+1]맥스봉 프로틴 675G (45g*15EA),4
[1+1]바이오코어 다이어트 유산균 30캡슐 (1개월),8
[1+1]밥이랑 20개입 실속포장 36g,0
[1+1]백설 압착올리브유 900ml,10
[1+1]백설 참치액 순더깔끔한맛 900g,10
[1+1]백설 참치액 진더풍부한맛 900g,10
[1+1]백설 포도씨유 900ml,10
[1+1]백설 햄스빌두툼한굿베이컨340g,1
[1+1]비비고X호족반 트러플감자전만두 350g*2번들 (유통기한 23.08.28까지),3
[1+1]산들애 처음부터 멸치다시마 육수 525g,10
[1+1]전립소 아르기닌 6000 (16.5mlX15포),8
[1+1]즐거운동행 김치버섯칼국수 392G (유통기한 23.06.14까지),6
[1+1]해찬들 100% 우리쌀 태양초 고추장 1kg,10
[1+1]해찬들 고기찍어먹는장 찍장 쌈장 300g,10
[1+1]해찬들 물로만 끓여도 부드럽고 순한 미소된장 450g,10
[1+1]해찬들 물로만끓여도 깊고진한 차돌된장찌개양념 450g,10
[1+1]해찬들 물로만끓여도 시원깔끔한 바지락꽃게 된장찌개양념 450g,10
[1+1]해찬들 물로만끓여도 칼칼한 청양초 된장찌개양념 450g,10
[1+1]해찬들 사계절쌈장 500g,10
[1+1]해찬들 원조 태양초고추장 1kg,10
[1+1]햇반 쿡반 간장버터장조림볶음밥 800g,6
[1+1]햇반 쿡반 낙지비빔밥 820g,6
[1+1]햇반 쿡반 매콤부추고기볶음밥 800g (유통기한 23.08.17까지),6
[1+1]햇반 쿡반 베이컨김치볶음밥 800g,6
[1+1]햇반 쿡반 불고기비빔밥820g (유통기한 23.08.11까지),6
[1+1]햇반쿡반 닭갈비볶음밥 880g,6
[1+1]햇반쿡반 새우볶음밥 840g,6
[1+1]햇반쿡반 차돌깍두기볶음밥 820g,6
[1+1]행복한콩 2가지로만 국산콩두부 부침용 300g,0
[1+1]행복한콩 2가지로만 국산콩두부 찌개용 300g,0
[2+2]CJ명가 버터간장김자반 50g,0
[2+2]CJ명가 한식간장김자반 50g,0
[2+2][식물성]고메 플랜테이블 함박스테이크 150g,5
[2+2]고메 꿀고구마치즈 피자 140g,3
[2+2]고메 케이준프라이즈 피자 145g,3
[2+2]고메 토마토미트볼 147G,5
[2+2]고메 허니베이컨체다 피자 135g,3
[2+2]더건강한 닭가슴살 샌드위치햄 90g,1
[2+2]더건강한 닭가슴살 소시지(꼬치)80g,1
[2+2]더건강한 닭가슴살 쏙쏙한입큐브80g,1
[2+2]더건강한 닭가슴살 청양 소시지 120g,1
[2+2]스팸 싱글 25%라이트 80g,1
[2+2]플랜테이블 병아리콩 그레인보울 160g,6
[2+2]플랜테이블 토마토미트볼 165G,5
[2+2]햇반 소프트밀 단호박죽 420g,6
[20+20]햇반 210g,6
[3+3]가쓰오 우동한그릇,6
[3+3]김처럼 밥에 싸먹는 햄 구이 한판 60g,1
[3+3]다담 겉절이 양념 150g,10
[3+3]다담 깍두기 김치양념 155G,10
[3+3]다담 깻잎지 반찬양념 150G,10
[3+3]다담 멸치볶음 반찬양념 150G,10
[3+3]다담 오이소박이 김치양념 150G,10
[3+3]다담 장조림 반찬양념 150G,10
[3+3]다담 진미채 반찬양념 150G,10
[3+3]다담 파김치양념 150G,10
[3+3]더건강한 닭가슴살 꼬지 청양고추 80g,1
[3+3]더건강한 닭가슴살 소시지120g,1
[3+3]더건강한 닭가슴살 직화 화다닭 75g,1
[3+3]더건강한 닭가슴살 큐브톡톡 ALL 96g,1
[3+3]둥근햇반 210gx3입,6
[3+3]미정당 어묵떡볶이346g(용기형),4
[3+3]미정당 컵 쫄면볶이 212.2g,4
[3+3]미정당비엔나떡볶이300g(용기형),4
[3+3]밸런스밀 프로틴쿠키 치즈맛 40g,4
[3+3]비비고 돼지고기김치찌개 460G,0
[3+3]비비고 스팸부대찌개 460G,0
[3+3]쁘띠첼 워터젤리포도 130ml,4
[3+3]얼큰 우동 한그릇,6
[3+3]톡톡까먹어밤 500g,4
[3+3]햇반 솥반 꿀약밥 210g,6
[3+3]햇반 솥반 버섯영양밥 200g,6
[3+3]햇반 솥반 뿌리채소영양밥 200g,6
[3+3]햇반소프트밀 닭가슴살 곤약죽 180g,6
[3+3]햇반솥반 불고기버섯영양밥 200g,6
[3+3]햇반솥반 흑미밤찰밥 210g,6
[3+3]행복한콩 콩국물 350g,0
[4+4]밸런스밀 고구마 50g,6
[4+4]밸런스밀 바나나 50g,6
[4+4]비비고 진국육수 닭고기 500g,0
[4+4]비비고 진국육수 멸치해물 500g,0
[4+4]비비고 진국육수 소고기양지 500g,0
[40%할인] 영양 보양식 골라담기,0
[5+5]고메 함박스테이크 152g,5
[5+5]더건강한 닭가슴살 직화 스테이크100g,1
[5+5]더건강한 닭가슴살 직화 통살구이100g,1
[5+5]동치미냉면육수 300g,6
[5+5]밸런스밀 견과 50g,6
[5+5]밸런스밀 귀리 50g,6
[5+5]밸런스밀 프로틴쉐이크 카카오 50g,6
[5+5]비비고 한우사골곰탕 500g,0
[5+5]햇반 매일잡곡밥210g,6
[6+6]햇반 작은 공기 130g,6
[9+9]햇반 큰공기 300g,6
[UPCYCLE]햇반 210gx24개(1box),6
[UPCYCLE]햇반 매일잡곡밥 210gx24개(1box),6
[UPCYCLE]햇반 매일찰잡곡밥 210gx24개(1box),6
[UPCYCLE]햇반 발아현미밥 210gx24개(1box),6
[UPCYCLE]햇반 흑미밥 210gx24개(1box),6
[가정의달] 구워만든 곡물그대로 21 블랙에디션,4
[가정의달] 국내산 함안 백자메론(5수) 선물세트 6kg,2
[가정의달] 머스크 멜론 선물세트 4.5kg(3수),2
[가정의달] 명란시대 짜지않고 맛있는 명란젓 800g,2
[가정의달] 배선물세트(9입 6.5Kg),2
[가정의달] 사과 선물세트 4.2kg 12입,2
[가정의달] 사과배혼합세트4호(사과8수+배3수 4.5Kg),2
[가정의달] 송이고버섯선물세트 700g,2
[가정의달] 이스라엘 메르쥴 품종 대추야자 선물세트 700g,2
[가정의달] 청도 반건시 선물세트 1.5kg(30개입),2
[가정의달] 청도 반건시 프리미엄 선물세트 1.5kg (24개입),2
[가정의달] 촉촉한 꿀고구마 말랭이 선물세트,4
[가정의달] 혼합과일선물세트(사과4+참외4+골드키위6+백자메론2)5.2Kg,2
[고메 소바바치킨] 소이허니 봉 300g,3
[고메 소바바치킨] 소이허니 순살 375g,3
[고메 소바바치킨] 소이허니 윙 300g,3
[고메x덕후선생] 고메 덕후선생 마장반면 425g,"6,3"
[고메x덕후선생] 고메 덕후선생 쯔란갈비 465g,3
[고메x덕후선생] 고메 호남식납육초반 420g,"6,3"
[맵단 순살SET] 소이허니 순살 375g x2개+순살치킨 고추 450g x1개,3
[생산직송]비비고 BASIC 포기배추김치 10kg,0
[생산직송]비비고 포기김치 5kg+열무김치 900gX2개,0
[생산직송]비비고 포기배추김치 5kg,0
[생산직송]비비고 포기배추김치 5kg X 2개,0
[생산직송]비비고 포기배추김치 5kg+총각김치 2kg,0
[소바바 치밥SET] 소이허니 순살 375g x2개+새우볶음밥 420g x2개,3
[소바바+치즈볼SET] 소이허니 순살 375g x1개+소이허니 윙 300g x1개+소이허니 봉 300g x1개+치즈볼 270g x1개,3
[소바바+피자SET] 소이허니 순살 375g x1개+소이허니 윙 300g x1개+소이허니 봉 300g x1개+고메 칠리감바스피자 350g x1개,3
[소바바FULLSET] 소이허니 순살 375g x2개+소이허니 윙 300g x1개+소이허니 봉 300g x1개,3
[소바바치킨SET] 소이허니 봉 300g x3개,3
[소바바치킨SET] 소이허니 순살 375g x3개,3
[소바바치킨SET] 소이허니 윙 300g x3개,3
[식물성] 고메 플랜테이블 함박스테이크 540g,5
[식물성] 비비고 플랜테이블 떡갈비 450g,5
[식물성] 비비고 플랜테이블김치왕교자 420g*2번들,3
[식물성] 플랜테이블 김치왕교자420g,3
[식물성] 플랜테이블 왕교자 420g*2 (유통기한 23.10.04까지),3
[식물성] 플랜테이블 왕교자420g,3
[식물성] 햇반쿡반 플랜테이블 불고기주먹밥 500g,6
[식물성] 햇반쿡반 플랜테이블 전주비빔주먹밥 500g,6
[식물성]고메 플랜테이블 함박스테이크 150g,5
[식물성]플랜테이블 토마토미트볼165g,5
[지정일 택배배송][쿡킷] 달래된장전골,7
[지정일 택배배송][쿡킷] 더건강한 닭가슴살 토마토리조또,7
[지정일 택배배송][쿡킷] 밀푀유나베,7
[지정일 택배배송][쿡킷] 버섯소불고기,7
[지정일 택배배송][쿡킷] 부채살 찹스테이크,7
[지정일 택배배송][쿡킷] 사골황태국,7
[지정일 택배배송][쿡킷] 새우 가득 김치 필라프,7
[지정일 택배배송][쿡킷] 소고기두부전골,7
[지정일 택배배송][쿡킷] 소고기뭇국,7
[지정일 택배배송][쿡킷] 수삼양지수육전골,7
[지정일 택배배송][쿡킷] 스팸리치치즈존슨탕,7
[지정일 택배배송][쿡킷] 시래기된장국,7
[지정일 택배배송][쿡킷] 얼큰 소고기샤브샤브,7
[지정일 택배배송][쿡킷] 얼큰소고기우거지탕,7
[지정일 택배배송][쿡킷] 우삼겹샤브샤브,7
[지정일 택배배송][쿡킷] 우삼겹순두부찌개,7
[지정일 택배배송][쿡킷] 육개장 칼국수,7
[지정일 택배배송][쿡킷] 청경채 소고기볶음,7
[지정일 택배배송][쿡킷] 칼칼한 순두부 스팸김치찜,7
[지정일 택배배송][쿡킷] 토마토비프스튜,7
[지정일 택배배송][쿡킷] 평양식 어복쟁반,7
[지정일 택배배송][쿡킷] 흑후추 항정살 스테이크,7
[쿡킷] 캠핑A세트 (청경채 소고기볶음+토마토비프스튜),7
[쿡킷] 캠핑B세트 (얼큰 소고기샤브샤브+우삼겹순두부찌개),7
[쿡킷] 캠핑C세트 (새우가득 김치필라프+흑후추항정살스테이크),7
[택배배송] 얼큰 버섯 비비고 만두 전골_밀키트 (유통기한 23.08.30까지),"7,0"
[택배배송] 해물 짬뽕 비비고 만두 전골_밀키트 (유통기한 23.09.14까지),"7,0"
[행사]청매실 10kg,2
[행사]청매실 5kg,2
가쓰오메밀생면1136.8g(4인분),6
가쓰오얼큰우동 2인분,6
가쓰오우동 2인+얼큰우동 2인 (유통기한 23.07.19까지),6
가쓰오우동 2인분 466.6g,6
가쓰오우동 2인분+튀김우동 2인분 (유통기한 23.08.04까지),6
가쓰오우동 4인분 933.2g,6
가쓰오우동한그릇,6
가쓰오튀김우동 2인분,6
간편한끼! 볶음밥 골라담기,6
감자수제비가루500g,10
강력 밀가루 1kg,10
강력 밀가루 2.5kg,10
강력 밀가루 20kg,11
건강곡물 부침가루 400g,10
건강을 생각한 요리유 500ml,10
건강을 생각한 요리유 900ml,10
고급면용1호 20kg,11
고메 간식 골라담기,"4,3"
고메 갈릭치즈 피자 325g,3
고메 꿀고구마치즈 피자 140g,3
고메 로제크림치킨 시카고피자 400g,3
고메 마르게리타 피자 325g,3
고메 머쉬룸 투움바 파스타 740g (2인분),6
고메 머쉬룸크림수프 180g*4입,6
고메 미니치즈너겟 400g,3
고메 미니치즈카츠 450g,5
고메 바삭쫄깃한 사천탕수육 450g,3
고메 바삭쫄깃한 탕수육 450g,3
고메 바삭쫄깃한 탕수육 900g,3
고메 바삭촉촉한 깐풍기 450g,3
고메 바삭탱글한 칠리새우 300g,3
고메 바삭튀겨낸모짜렐라돈카츠450g,5
고메 바삭튀겨낸통등심돈카츠450g,5
고메 베이커리 치즈볼 270g,4
고메 베이커리 크로와상 330g,4
고메 베이커리 크로와상 630g (유통기한 23.09.26까지),4
고메 베이커리 크림치즈파이370g,4
고메 베이커리 플레인스콘 400g,4
고메 봉골레 오일 파스타 626g (2인분),6
고메 브로콜리크림수프 180g*4입,6
고메 빅크리스피핫도그520g,4
고메 삼선해물볶음밥 420g,"6,3"
고메 소보로 고르곤졸라 시카고 피자 370g,3
고메 순살치킨 스윗허니 450g,3
고메 순살크리스피 치킨 고추크런치 450g,3
고메 숯불향오븐구이 400g,3
고메 스윗치즈 피자 325g,3
고메 시카고피자 골라담기,3
고메 싱글피자 골라담기,3
고메 알싸쯔란봉 355g,3
고메 오리지널 핫도그 400g,4
고메 중화게살볶음밥 420g,"6,3"
고메 중화소고기볶음밥 420g,"6,3"
고메 중화요리 골라담기,3
고메 중화짜장 760g,"6,3"
고메 중화짬뽕 652g,"6,3"
고메 치즈크리스피핫도그 340g,4
고메 치즈함박스테이크 465g,5
고메 치킨 후라이드 850g,3
고메 칠리감바스 피자 350g,3
고메 케이준프라이즈 피자 145g,3
고메 콘크림수프 180g*4입,6
고메 콰트로포르마지 피자 310g,3
고메 크리스피 핫도그 720g,4
고메 크리스피너겟 450g,3
고메 크리스피핫도그 400g,4
고메 클래식 불고기 피자 405g,3
고메 클래식 콤비네이션 피자 405g,3
고메 토마토미트볼 147g,5
고메 토마토치즈 피자 345g,3
고메 통모짜 핫도그 340g,4
고메 트러플 크림 파스타 740g (2인분),6
고메 페퍼로니토마토 시카고피자 390g,3
고메 포테이토치즈 핫도그400g,4
고메 함박스테이크 152g,5
고메 허니베이컨체다 피자 135g,3
고메 화끈불닭봉 355g,3
고메x롯데리아 불고기버거 피자 410g,3
고메치즈함박스테이크152g,5
고메치킨 달콤양념 550g,3
고메치킨 후라이드550g,3
고메함박스테이크 540g,5
고소한 볶음참깨 1kg,10
고소한 볶음참깨 430g,10
고소한 콩국수 2인 880g,6
고추장/된장/쌈장 대용량 골라담기,10
고추장/된장/쌈장 소용량 골라담기,10
구워만든 곡물그대로 21 블랙에디션,4
구증구포 흑삼대보 40mlX30포,8
구증구포 흑삼대보 골드 40mlX30포,8
구증구포 흑삼진 블랙 스틱 10gX30포,8
구증구포 흑삼진 스틱 10gX30포,8
국물가득 바지락시원파스타 403g,6
국물가득 토마토매콤 파스타 632.2g,6
김밥용 하선정 우엉조림130g,0
김처럼 밥에 싸먹는 햄 구이 한판 60g,1
까르보나라스파게티 2인분 600g,6
깐메추리알 270g,0
깐메추리알 450g,0
꼬마 돈까스 400g,5
꼬마새우까스 250g,5
꿀 고구마 2kg (중),2
꿀 고구마 2kg (특상),2
남성 기초영양 골라담기,8
냉면 골라담기,6
녹차맛 찹쌀호떡믹스 400 g,10
다담 갈치조림양념150g,10
다담 강된장찌개양념 130g,10
다담 고깃집된장찌개양념 130g,10
다담 국물떡볶이양념 145g,10
다담 국물떡볶이양념 530g,10
다담 깍두기 양념 155g,10
다담 깻잎지 양념 150g,10
다담 냉이된장찌개 양념 140g,10
다담 냉이된장찌개양념 140g x4번들,10
다담 된장찌개 양념 530g,10
다담 떡볶이양념 150g,10
다담 마늘닭볶음탕양념 230g,10
다담 마파두부양념150g,10
다담 매콤 떡볶이양념 140g,10
다담 매콤두부조림양념140g,10
다담 베스트 골라담기,10
다담 보리쌈장 570g,10
다담 부대찌개 양념 140g,10
다담 사골부대찌개양념 130g,10
다담 순두부찌개 양념 140g,10
다담 순두부찌개양념 130g,10
다담 순두부찌개양념 140gX4번들,10
다담 안동찜닭 양념 220g,10
다담 양념듬뿍쌈장 570g,10
다담 우렁강된장 비빔 양념 140g,10
다담 우렁강된장 양념 500g,10
다담 우렁강된장양념 140gX4번들,10
다담 정통된장찌개 양념 140g,10
다담 정통된장찌개양념 140g x4번들,10
다담 진미채 양념 150g,10
다담 차돌고추장찌개양념130g,10
다담 차돌된장찌개양념 145g,10
다담 차돌순두부찌개양념130g,10
다담 청국장찌개 양념 130g,10
다담 청국장찌개 양념 530g,10
다담 파김치 양념 150g,10
다시다 골드 쇠고기 250g,10
다시다 골드 쇠고기 400g,10
다시다 골드 쇠고기 600g,10
다시다 골드 쇠고기 96g,10
다시다 냉면 300g,10
다시다 멸치 1kg,10
다시다 명품골드 쇠고기 100g,10
다시다 쇠고기 1kg,10
다시다 쇠고기 25kg,"11,10"
다시다 쇠고기 500g,10
다시다 조개 500g,10
다시다 프리미엄골드 멸치디포리 60g,10
다시다 프리미엄골드 숙성한우 60g,10
다시다 해물 1kg,10
닥터뉴트리 멀티 베이직 30포(1개월)(유통기한:23.09.20),8
닥터뉴트리 멀티 위드 본케어(1개월)(유통기한:23.09.15),8
닥터뉴트리 멀티 위드 이너뷰티 30포(1개월)(유통기한:23.09.20),8
닥터뉴트리 슬립메이트 락티움 30정,8
닥터뉴트리 슬립메이트 락티움 30정X2개,8
닥터뉴트리 아쿠아셀오메가3 60캡슐 (1개월),8
닥터뉴트리 아쿠아셀오메가3 60캡슐(1개월)X2개,8
닥터뉴트리 알티지오메가3 트리플,8
닥터뉴트리 포커스 멀티비타민 60캡슐(2개월),8
닥터뉴트리 포커스 멀티비타민 60캡슐(2개월)X3개,8
닥터뉴트리 포커스 비타민B 트윈세트 120캡슐(4개월)(유통기한:23.10.24),8
닥터뉴트리 포커스 비타민D 4000IU 60캡슐(2개월),8
닥터뉴트리 포커스 비타민D 4000IU 60캡슐(2개월)X3개,8
닥터뉴트리 포커스 비타민D 트윈세트 120캡슐(4개월),8
달콤한 쁘띠첼 골라담기,4
닭가슴살 골라담기,1
더건강한 닭가슴살 꼬지 청양고추 80g,1
더건강한 닭가슴살 비엔나 120g,1
더건강한 닭가슴살 샌드위치햄 90g,1
더건강한 닭가슴살 소시지(꼬치)80g,1
더건강한 닭가슴살 소시지120g,1
더건강한 닭가슴살 쏙쏙한입큐브80g,1
더건강한 닭가슴살 직화 스테이크100g,1
더건강한 닭가슴살 직화 통살구이100g,1
더건강한 닭가슴살 직화 화다닭 75g,1
더건강한 닭가슴살 청양 소시지 120g,1
더건강한 닭가슴살 큐브톡톡 ALL 96g,1
더건강한 닭가슴살 통살 페퍼 100g,1
더건강한 의성마늘햄 150g,1
동그랑땡200g*2,5
동치미냉면육수 300g,6
동치미물냉면 2인분,6
동치미물냉면 2인분+함흥비빔냉면 2인분,6
동치미물냉면 4인분,6
두부면 들기름 간장파스타 2인분,0
두부면 중화짜장면 2인분,0
두부면 토마토파스타 2인분,0
둥근햇반 210gx3입,6
뜨끈한 우동 골라담기,6
랍스터홍새우가리비관자플래터,2
레몬&라임드레싱260g,10
리턴업 갱년기케어 500mgX60캡슐(1개월),8
리턴업 갱년기케어 500mgX60캡슐(1개월)X2개,8
리턴업 관절케어 MSM (1개월분),8
리턴업 관절케어 MSM (1개월분)X2개,8
리턴업 면역케어 프로폴리스(1개월),8
리턴업 면역케어 프로폴리스(1개월)X2개,8
리턴업 발효효소 베이직 90g(1개월)(유통기한:23.11.10까지),8
리턴업 발효효소 베이직 90g(1개월)X2개(유통기한:23.11.10까지),8
리턴업 발효효소 홍삼플러스 30포(1개월)(유통기한:23.09.20),8
리턴업 식물성 알티지오메가3콰트로 60캡슐(1개월),8
리턴업 아이시안 루테인 지아잔틴100mgX30캡슐(1개월),8
리턴업 아이시안 루테인 지아잔틴100mgX30캡슐(1개월)X2개,8
리턴업 아이시안 루테인 지아잔틴40+ 60캡슐(2개월)X2개(유통기한:24.02.18),8
리턴업 전립소 맥스 60캡슐(2개월),8
리턴업 전립소 쏘팔메토 골드 1000mgX60캡슐(2개월),8
리턴업 전립소 쏘팔메토 골드 1000mgX60캡슐(2개월)X2개,8
리턴업 전립소 파워 500mgX60캡슐(2개월),8
리턴업 팻다운 톡 깔라만시맛(10포),8
리턴업 팻다운 톡 깔라만시맛(10포)X3개,8
리턴업 팻다운 톡 깔라만시맛(10포)X6개,8
맛밤 42g,4
맛밤 42gx10입,4
맛밤 80g,4
맛소금 250g,10
매콤달큰시원한배물냉면1940g(4인),6
매콤달큰시원한배물냉면970g(2인),6
맥스봉 구운풍미 마늘 후랑크 80g,4
맥스봉 빅소시지 150g,4
맥스봉 숯불구이맛 핫바 70g,4
맥스봉 오리지널 525g,4
맥스봉 직화구이꼬치바오리지널 70g,4
맥스봉 직화구이꼬치바청양고추 70g,4
맥스봉 청양고추 후랑크80g,4
맥스봉 체다치즈어랏400g (20g*20EA),4
맥스봉 치즈 525g(35g*15ea),4
맥스봉 치즈후랑크70g,4
맥스봉 크레이지핫 핫바90g,4
맥스봉 팝비엔나 120g,1
맥스봉치즈1.08kg,4
맥스봉치즈162g,4
맥스봉치즈825g,4
메르쥴품종 대추야자 350g x2개,2
메티에 그린티 파우더 500g,9
메티에 리치바닐라시럽 700ml(펌프세트),9
메티에 리치바닐라시럽700ml,9
메티에 리치초코소스 2kg,9
메티에 리치카라멜소스 2kg,9
메티에 리치카라멜시럽700ml,9
메티에 뱅쇼향시럽700ml,9
메티에 요거트 파우더 1kg,9
메티에 청포도 시럽 700ml,9
메티에 클래식슈가시럽700ml,9
메티에 토피넛향 시럽 700ml,9
면요리 골라담기,6
명가 감태김 25gX2EA,0
명가 감태김 4gX12EA,0
명가 담백구운김 2gX16ea,0
명가 초사리곱창돌김 25gX2EA,0
명가 초사리곱창돌김 5gX12EA,0
명가 토종김 들기름4gX12ea,0
명가미역 80g,0
무농약 대추방울토마토 1kg,2
무농약 양파 3kg,2
무농약 토마토 2kg내외,2
무항생제 닭가슴살 400g 2팩,2
무항생제 닭다리 400g 2팩,2
무항생제 닭볶음용 800g,2
무항생제 백숙용 생닭 830g,2
무항생제 아랫날개(윙) 350g 2팩,2
무항생제 윗날개(봉) 350g 2팩,2
물엿1.2kg,10
미정당 매콤까르보나라 누들떡볶이,4
미정당 방앗간 가래떡 떡볶이 400g,4
미정당 생칼국수 1kg,6
미정당 스파이시로제떡볶이 376g,4
미정당 어묵떡볶이346g,4
미정당 컵 쫄면볶이 212.2g,4
미정당비엔나떡볶이300g(용기형),4
미트마스터 한돈 갈매기살300gx2팩(총600g),2
미트마스터 한돈 등심덧살300gx2팩,2
미트마스터 한돈 목심살300gx2팩(총600g),2
미트마스터 한돈 삼겹살 300g x 2팩,2
미트마스터 한돈 삼겹살 300g+목심살 300g+항정살 300g,2
미트마스터 한돈 삼겹살300g+목심살300g(총600g),2
미트마스터 한돈 삼겹살300g+목심살300g+갈매기살300g,2
미트마스터 한돈 삼겹살300g+목심살300g+항정살300g+등심덧살300g (총 1.2kg),2
미트마스터 한돈 수육용 목심살 500gx2팩,2
미트마스터 한돈 수육용 삼겹살 500g+목심살 500g,2
미트마스터 한돈 수육용 삼겹살 500gx2팩,2
미트마스터 한돈 항정살 300g x 2팩,2
미트마스터 한돈 항정살300g+등심덧살300g+갈매기살300g (총 900g),2
밀당의고수 바삭한 김말이 400g,4
밀당의고수 쫄면 2인,4
밀당의고수 쫄면 4인,4
바삭군만두 445g*2EA,3
바삭한 빵가루 1kg,10
바삭한 요리유 500ml,10
바이어코어 피부면역 유산균 30포(1개월),8
바이오코어 100억 유산균 30캡슐(1개월),8
바이오코어 100억 유산균 30포(1개월),8
바이오코어 500억 유산균 60캡슐(1개월),8
바이오코어 500억 유산균 60캡슐(1개월)X2개,8
바이오코어 가벼워질 시간 6입,8
바이오코어 가벼워질시간 6병X2개,8
바이오코어 건강한 생유산균 100억(스틱)(1개월)X2개,8
바이오코어 건강한 생유산균 100억(캡슐)(1개월)X2개,8
바이오코어 구강유산균 30정,8
바이오코어 구강유산균 30정X2개,8
바이오코어 다이어트 유산균 30캡슐 (1개월),8
바이오코어 다이어트 유산균 30캡슐(1개월)X2개,8
바이오코어 데일리 유산균 30포(1개월),8
바이오코어 데일리 유산균 30포(1개월)X3개,8
바이오코어 질건강 유산균 30캡슐(1개월),8
바이오코어 질건강 유산균(1개월)X2개,8
바이오코어 키즈 유산균 30포,8
바이오코어 키즈 유산균 30포(1개월)X2개,8
바이오코어 피부면역 유산균 30포(1개월)X2개,8
바이오코어 하이프로틴 유산균 10일분,8
바이오코어 하이프로틴 유산균 10일분 X 3개,8
바질&로즈마리드레싱 235g,10
박력 밀가루 1kg,10
박력 밀가루 2.5kg,10
반숙대란 20구,0
발사믹드레싱 250g,10
밥이랑 20개입 실속포장 36g,0
밥이랑 해물 24g,0
밥이랑야채 27g,0
밥이랑치즈 27g,0
배터믹스20kg,"11,10"
백설 100% 통들깨 들기름 160ml,10
백설 100% 통참깨 참기름 110ml,10
백설 100% 통참깨 참기름 300ml,10
백설 2배사과식초 1.8L,"11,10"
백설 5가지 재료로만 만든 부침가루 350g,10
백설 갈비양념 480g,10
백설 갈색설탕 15kg,11
백설 갈색설탕 1Kg,10
백설 갈색설탕 3Kg,10
백설 갈색설탕 5Kg,"11,10"
백설 건강발효 사과식초 500ml,10
백설 고기양념 골라담기,10
백설 고소함가득 참기름 430ml,10
백설 고소함가득 참기름300ml,10
백설 고추장삼겹살구이양념 500g,10
백설 구이한판 그릴스모크 60g,1
백설 구이한판 그릴스모크 60gX4,1
백설 굴소스해물맛 360g,10
백설 그릴후랑크 240g*2,1
백설 남해 매운굴소스 350g,10
백설 남해 전복굴소스 350g,10
백설 남해굴소스 210g,10
백설 남해굴소스 350g,10
백설 남해굴소스 500g,10
백설 다담 겉절이양념 150g,10
백설 다담 멸치볶음양념 150g,10
백설 다담 오이소박이양념 150g,10
백설 다담 장조림양념 150g,10
백설 닭볶음탕양념 290g,10
백설 닭볶음탕양념 490g,10
백설 대왕 납작당면 300g,6
백설 돈까스 소스 255g,10
백설 돼지갈비양념 290g,10
백설 돼지갈비양념 500g,10
백설 돼지갈비양념 840g,10
백설 로제스파게티소스 150g,10
백설 로제스파게티소스610g,10
백설 리얼 레몬청 310ml,9
백설 리얼 매실청 310ml,9
백설 리얼 배도라지청 310ml,9
백설 리얼 생강청 310ml,9
백설 리얼 오미자청 310ml,9
백설 만능 사리당면 80g,6
백설 맛술 로즈마리 500ml,10
백설 맛술 로즈마리 800ml,10
백설 맛술 생강 500ml,10
백설 맛술 생강 800ml,10
백설 매실당1.2kg,10
백설 매실청 1.025Kg,9
백설 매실청 645g,9
백설 매콤칼칼 돼지등갈비양념 470g,10
백설 매콤한 돼지불고기양념 500g,10
백설 매콤한 돼지불고기양념 840g,10
백설 매콤화끈 닭갈비양념 470g,10
백설 맥아물엿 5kg,11
백설 메밀소바 400g,6
백설 면비빔용소스 890g,10
백설 명란로제 파스타소스 370g,10
백설 물엿 2.45kg,10
백설 물엿 700g,10
백설 미풍 3kg,11
백설 바삭한 빵가루 450g,10
백설 바삭한 요리유 900ml,10
백설 베이컨까르보나라 파스타소스 355g,10
백설 브라운 자일로스 설탕 1kg,10
백설 브라운 자일로스 설탕 2kg,10
백설 브라운 자일로스 설탕 5Kg,"11,10"
백설 브라운 자일로스설탕 500g,10
백설 사리소면 100g,6
백설 사리원 불고기 480g,10
백설 상큼하고 깔끔한 2배사과식초 900ml,10
백설 상큼하고 깔끔한 사과식초 500ml,10
백설 상큼하고 깔끔한 사과식초 900ml,10
백설 소갈비양념 500g,10
백설 소갈비양념 840g,10
백설 소면 500g,6
백설 소면 900g,6
백설 소불고기양념 500g,10
백설 소불고기양념 840g,10
백설 숯불갈비후랑크120g,1
백설 숯불구이맛김밥햄 260g,1
백설 스테이크 소스 255g,10
백설 스테이크 솔트&시즈닝 40g,10
백설 스파이시 아라비아따 파스타소스 365g,10
백설 쌀엿 700g,10
백설 쌀엿1.2Kg,10
백설 쌀올리고당 1.2kg,10
백설 쌀올리고당 700g,10
백설 아라비아따 토마토스파게티소스 610g,10
백설 아라비아따스파게티소스 150g,10
백설 아이미 1kg,11
백설 아이미 2kg,11
백설 압착올리브유 900ml,10
백설 야채고기말이 448g,5
백설 오리지널 비엔나400g,1
백설 오리지널후랑크 500g,1
백설 옥수수유 0.9L,10
백설 옥수수유 1.8L,10
백설 옥수수전분 20kg,"11,10"
백설 올리고당을 더한 물엿 2.45kg,11
백설 올리브유 500ml,10
백설 와플믹스 450g,10
백설 요리 올리고당 2.45kg,"11,10"
백설 요리당 1.2Kg,10
백설 요리당 700g,10
백설 요리올리고당 1.2Kg,10
백설 우리밀 밀가루 750g,10
백설 우리밀핫케익믹스500g,10
백설 유기농 갈색설탕 1kg,10
백설 유러피안 스프레이 오일 기프트 세트,10
백설 유러피안 엑스트라버진 올리브유 스프레이 200ml,10
백설 유러피안 올리브유 500ml(유통기한:2024-03-24),10
백설 유러피안 퓨어 올리브유 500ml,10
백설 유러피안 해바라기유 스프레이 200ml,10
백설 자른햇당면 300g,6
백설 자른햇당면 500g,6
백설 중면 900g,6
백설 진한 참기름 320ml,10
백설 진한참기름 110ml,10
백설 진한참기름 500ml,10
백설 찰밀가루1kg,10
백설 참치액 순더깔끔한맛 500g,10
백설 참치액 순더깔끔한맛 900g,10
백설 참치액 진더풍부한맛 500g,10
백설 참치액 진더풍부한맛 900g,10
백설 초당옥수수호떡믹스 300g(유통기한: 2023-08-12),10
백설 초코케익믹스 350g,10
백설 치킨전용믹스순한맛 5kg,11
백설 치폴레 스파이시 소스 260g,10
백설 카놀라유 500ml,10
백설 카놀라유 900ml,10
백설 칼국수면 900g,6
백설 칼집 그릴후랑크 300g*2,1
백설 칼집 그릴후랑크 마늘맛 225gx2,1
백설 캠핑에딱그릴후랑크마늘맛 300gx2번들,1
백설 콩기름 0.9L,10
백설 콩기름 1.5L,11
백설 콩기름 1.8L,10
백설 콩기름 3.6L,11
백설 크리미 로제 파스타소스 365g,10
백설 토마토 바질 파스타소스 365g,10
백설 토마토 파스타소스 455g,10
백설 토마토라구 파스타소스 375g,10
백설 토마토스파게티소스 150g,10
백설 토마토스파게티소스610g,10
백설 통밀밀가루 1kg,10
백설 통손질국물내기 국내산멸치디포리 10gX6개입,10
백설 통손질국물내기 얼큰해물 10gX6개입,10
백설 튀김전용유 1.8L,10
백설 트러플크림 파스타소스 355g,10
백설 파스타 면 500g,6
백설 포도씨유 500ml,10
백설 포도씨유 900ml,10
백설 프락토 올리고당 1.2kg,10
백설 프락토 올리고당 2.45kg,"11,10"
백설 프락토 올리고당 700g,10
백설 하얀 자일로스 설탕 1kg,10
백설 하얀 자일로스 설탕 2kg,10
백설 하얀 자일로스 설탕 5kg,"11,10"
백설 하얀 자일로스설탕 500g,10
백설 하얀설탕 15kg,11
백설 하얀설탕 3kg,10
백설 하얀설탕 5kg,"11,10"
백설 하얀설탕1kg,10
백설 한입쏙 비엔나 120g*2,1
백설 한입쏙비엔나120g*3,1
백설 해바라기씨유 500ml,10
백설 해바라기씨유 900ml,10
백설 햄스빌두툼한굿베이컨340g,1
백설 허니머스터드 소스 250g,10
백설 허브맛솔트시즈닝 마늘맛 50g,10
백설 허브맛솔트시즈닝 매콤한맛 50g,10
백설 허브맛솔트시즈닝 순한맛 50g,10
백설 흑설탕 15kg,11
백설 흑설탕 1kg,10
백설너비아니560g,5
백설머핀믹스500g,10
백설햄 알찬 소시지 500g,1
밸런스밀 견과 50g,6
밸런스밀 고구마 50g,6
밸런스밀 귀리 50g,6
밸런스밀 바나나 50g,6
밸런스밀 프로틴쉐이크 카카오 50g,6
밸런스밀 프로틴쿠키 치즈맛 40g,4
베트남 쌀국수 2인분 375g,6
볼로냐스파게티2인625g,6
부침가루1kg,10
브라우니믹스 320g,10
비건다시다 콩으로 만든 쇠고기향 가득 100g,10
비건다시다 콩으로 만든 쇠고기향 가득 60g,10
비비고 GOTCHU 갓츄 핫소스 300g,10
비비고 가자미구이 70g,0
비비고 갈비탕 400g,0
비비고 갈비탕 400gx18개(1box),0
비비고 감자탕 460g,0
비비고 감자탕 460gX4개,0
비비고 갓김치 300g,0
비비고 갓김치 900g,0
비비고 갓김치 900gx2개,0
비비고 견과류멸치볶음60g,0
비비고 고등어구이 60g,0
비비고 고등어구이 60g+소스15g,0
비비고 고추장쥐포볶음60g,0
비비고 교자만두 골라담기,3
비비고 국물요리 골라담기,0
비비고 군만두 450g*2EA,3
비비고 김치 골라담기,0
비비고 김치 왕교자 420gx2개,3
비비고 김치볶음 150gx2개,0
비비고 김치볶음 80g*5EA,0
비비고 김치볶음150g,0
비비고 김치볶음80g,0
비비고 김치볶음80g*5EA,0
비비고 김치왕교자 라이트 455g*2EA,3
비비고 김치왕만두 420gx2,3
비비고 깍두기 500g,0
비비고 깔끔고기만두200g,3
비비고 깻잎고기만두400g*2,3
비비고 꼬리곰탕 460g,0
비비고 꼬리곰탕 460gX4개,0
비비고 남도떡갈비 450g,5
비비고 남도식 추어탕 460g,0
비비고 남도식 추어탕 460gX4개,0
비비고 남도식 추어탕 460gx18개(1box),0
비비고 냉동국물 골라담기,0
비비고 노릇하게 구운 갈치구이 70g,0
비비고 누룽지닭다리삼계탕 600g,0
비비고 닭가슴살왕교자 라이트455g*2EA,3
비비고 닭곰탕 500g,0
비비고 닭곰탕 500gX4개,0
비비고 도가니곰탕 460g,0
비비고 도가니곰탕 460gX6개,0
비비고 도가니곰탕 460gx18개(1box),0
비비고 도톰동그랑땡 560g,5
비비고 도톰해물완자 795g,5
비비고 도톰해물완자510g,5
비비고 돼지고기김치찌개 460g,0
비비고 돼지고기김치찌개 460gX4개,0
비비고 두부김치찌개 460g,0
비비고 두부청국장찌개 460g,0
비비고 두부청국장찌개 460gX4개,0
비비고 든든소고기한섬만두320g*2,3
비비고 든든한섬만두 384g*2,3
비비고 만두 골라담기,3
비비고 매운왕교자 385gx2번들,3
비비고 매콤바싹불고기 460g,5
비비고 메추리알장조림 170g,0
비비고 묵은지 1.5kg,0
비비고 묵은지 900g,0
비비고 묵은지 900gx2개,0
비비고 묵은지400g,0
비비고 물만두 370gx2개,3
비비고 바삭군교자 360g*2,3
비비고 반찬 골라담기,0
비비고 백김치 500g,0
비비고 백김치 500gx2개,0
비비고 버섯소고기만두618g,3
비비고 버섯잡채1180g,6
비비고 버섯잡채590g,6
비비고 베이컨 김치볶음 70g,0
비비고 별미김치 4종세트 (열무김치/총각김치/파김치/갓김치),0
비비고 별미김치 골라담기,0
비비고 보쌈김치 400g,0
비비고 보쌈김치 400gx2개,0
비비고 보쌈무김치 150g,0
비비고 사골곰탕 500g,0
비비고 사골곰탕 500gX18개(1box),0
비비고 사골시래기된장국 460g,0
비비고 사골시래기된장국 460gX4개,0
비비고 삼계탕 800g,0
비비고 삼치구이 60g,0
비비고 새우왕교자 315gx2번들,3
비비고 생선구이 골라담기,0
비비고 석박지를 넣은 포기김치3kg,0
비비고 설렁탕 500g,0
비비고 설렁탕 500gX4개,0
비비고 소고기 미역국 500g,0
비비고 소고기 미역국 500gX6개,0
비비고 소고기 미역국 500gx18개(1box),0
비비고 소고기무국 500g,0
비비고 소고기무국 500gX4개,0
비비고 소고기장조림 125g,0
비비고 소고기장터국 500g,0
비비고 소고기장터국 500gX4개,0
비비고 수삼갈비탕 400g,0
비비고 수삼갈비탕 400gX4개,0
비비고 수삼갈비탕 400gx18개(1box),0
비비고 수제진한김치만두 400gx2,3
비비고 순살 고등어구이 60g,0
비비고 순살 삼치구이 60g,0
비비고 스팸부대찌개 460g,0
비비고 스팸부대찌개 460gX4개,0
비비고 시원바지락칼국수642g (2인분),6
비비고 썰은 배추김치 300g(용기),0
비비고 썰은배추김치 1.8kg,0
비비고 썰은배추김치 100g,0
비비고 썰은배추김치 100gX5,0
비비고 썰은배추김치 100gx6개,0
비비고 썰은배추김치 3kg,0
비비고 썰은배추김치 500g,0
비비고 썰은배추김치 500g (용기형),0
비비고 썰은배추김치 500gx2개,0
비비고 썰은배추김치 900g,0
비비고 썰은배추김치 900gx2개,0
비비고 썰은배추김치 더풍부 500g(용기형),0
비비고 썰은배추김치 더풍부한맛 900g,0
비비고 썰은배추김치1.8kgx2개,0
비비고 썰은배추더풍부한맛 900gx2개,0
비비고 언양식 바싹불고기 460g,5
비비고 얼큰버섯칼국수632g,6
비비고 열무김치 1.5kg,0
비비고 열무김치 400g,0
비비고 열무김치 900g,0
비비고 열무김치 900gx2개,0
비비고 열무김치480g,0
비비고 열무를 넣은 총각김치1.3kg,0
비비고 열무물김치 900gX2개,0
비비고 오징어채볶음55g,0
비비고 왕교자 1.05kg,3
비비고 왕교자 420g,3
비비고 왕교자 455gx2개,3
비비고 왕교자 라이트 455g*2EA,3
비비고 왕만두490gx2개,3
비비고 우리아이한입 백김치 270gx2개,0
비비고 우리아이한입 백김치270g,0
비비고 우리아이한입 썰은김치270g,0
비비고 육개장 500g,0
비비고 육개장 500gX6개,0
비비고 육개장 500gx18개(1box),0
비비고 임연수구이 60g,0
비비고 잔칫집모둠잡채322g,6
비비고 잔칫집모둠잡채644g,6
비비고 전복미역국 460g,0
비비고 전복미역국 460gX4개,0
비비고 진국설렁탕 500g,0
비비고 진국설렁탕 500gX4개,0
비비고 진국육수 골라담기,0
비비고 진국육수 닭고기 500g,0
비비고 진국육수 닭고기 500gX6개,0
비비고 진국육수 멸치해물 500g,0
비비고 진국육수 멸치해물 500gX6개,0
비비고 진국육수 소고기양지 500g,0
비비고 진국육수 소고기양지 500gX6개,0
비비고 진한고기만두400g*2번들,3
비비고 진한고기만두980g,3
비비고 진한교자칼국수630g,6
비비고 진한김치만두200g,3
비비고 찌개 골라담기,0
비비고 찐만두 392gX2개,3
비비고 찐만두168g,3
비비고 차돌된장찌개 460g,0
비비고 차돌된장찌개 460gX4개,0
비비고 차돌육개장 500g,0
비비고 차돌육개장 500gX4개,0
비비고 찰보리 감자만두 400gx2개,3
비비고 찰보리 감자만두 600gx2개,3
비비고 청양고기만두 400g*2,3
비비고 청양고추 찐만두 168g,3
비비고 청양고추 찐만두 392gX2개,3
비비고 총각김치 1.5kg,0
비비고 총각김치 2.3kg,0
비비고 총각김치 400g,0
비비고 총각김치 900g,0
비비고 총각김치 900gx2개,0
비비고 콩나물황태국 500g,0
비비고 콩나물황태국 500gX4개,0
비비고 파김치 300g,0
비비고 파김치 800g,0
비비고 포기배추김치 3.3Kg,0
비비고 포기배추김치 더풍부한맛 3.3kg,0
비비고 포기배추김치1.8kg x2개,0
비비고 포기배추김치4.9kg,0
비비고 포기배추김치5kg,0
비비고 한마리고등어구이 140g,0
비비고 한식반찬 골라담기,5
비비고 한우사골곰탕 500g,0
비비고 한우사골곰탕 500gx18개(1box),0
비비고 한입떡갈비 282gx2개,5
비비고 호두연근조림90g,0
비비고X호족반 NY 양념갈비만두 384g*2번들,3
비비고X호족반 트러플감자전만두 350g*2번들 (유통기한 23.08.28까지),3
비비고무말랭이무침110g,0
비비고소고기꽈리고추장조림125g,0
비비고열무김치480gx2개,0
비비고칩 스위트콘40G,"4,0"
비비고칩 오리지널40g,"4,0"
비비고칩 포테이토40g,"4,0"
"비요뜨 아이스크림 3종(딸기, 블루베리, 초코볼)",4
비요뜨 아이스크림 딸기x3개,4
비요뜨 아이스크림 블루베리x3개,4
비요뜨 아이스크림 초코볼x3개,4
빕스 고르곤졸라 뇨끼 3팩,6
빕스 뇨끼감바스 3팩,6
빕스 단호박 뇨끼 3팩,6
빕스 단호박 찹스테이크 3팩,5
빕스 미트라자냐 3팩,6
빕스 버팔로 윙봉 3팩 세트,3
"빕스 볶음밥 1인분 X 6종(감바스,나시고랭,불고기,치킨김치,멕시코식,바비큐포크)",6
빕스 소고기 쌀국수 3팩,6
"빕스 피자 4종(페퍼로니,고르곤졸라,콤비네이션,불고기)",3
빕스 하와이안 찹스테이크 3팩,5
쁘띠첼 망고 90g,4
쁘띠첼 망고90gx3개,4
쁘띠첼 망고달달함듬뿍워터젤리 130ml,4
쁘띠첼 미초 석류 900ml,9
쁘띠첼 미초 파인애플 900ml,9
쁘띠첼 밀감 90g,4
쁘띠첼 밀감 90gx3개,4
쁘띠첼 밀감 90gx6개,4
쁘띠첼 복숭아 90g,4
쁘띠첼 복숭아 90gx3개,4
쁘띠첼 복숭아 90gx6개,4
쁘띠첼 복숭아 90gx9개,4
쁘띠첼 요거젤리 딸기 210g,4
쁘띠첼 요거젤리 딸기 90gx3개,4
쁘띠첼 요거젤리 밀감 210g,4
쁘띠첼 요거젤리 밀감 90gx3개,4
쁘띠첼 요거젤리 복숭아 210g,4
쁘띠첼 요거젤리 블루베리 210g,4
쁘띠첼 요거젤리 화이트코코 210g,4
쁘띠첼 요거젤리복숭아 90gx6개,4
쁘띠첼 워터젤리 골라담기,4
쁘띠첼 워터젤리 포도 160ml,4
쁘띠첼 워터젤리복숭아 130ml,4
쁘띠첼 워터젤리사과 130ml,4
쁘띠첼 워터젤리오렌지 130ml,4
쁘띠첼 워터젤리포도 130ml,4
쁘띠첼 자몽상큼함듬뿍워터젤리 130ml,4
쁘띠첼 코코그린애플 210g,4
쁘띠첼 코코포도 90gx3개,4
쁘띠첼 파인애플달콤함듬뿍워터젤리 130ml,4
쁘띠첼 포도 90gx6개,4
쁘띠첼x공차 망고요구르트젤리 160g,4
쁘띠첼x공차 자몽블랙티젤리 160g,4
쁘띠첼x공차 클래식밀크티젤리 160g,4
쁘띠첼과일젤리밀감210g,4
쁘띠첼과일젤리복숭아210g,4
쁘띠첼과일젤리파인애플 210g,4
쁘띠첼과일젤리포도210g,4
쁘띠첼요거젤리 화이트코코 90g,4
쁘띠첼파인애플90g,4
사골곰탕 한 그릇 100g (1-2인분X5개입),10
사천마라탕면 2인분 434g,6
산들애 국내산 한우 250g,10
산들애 그대로멸치다시마육수500g,10
산들애 처음부터 가쓰오 육수 525g,10
산들애 처음부터 멸치다시마 육수 275g,10
산들애 처음부터 멸치다시마 육수 525g,10
삼호 가쓰오모둠어묵탕413g,0
삼호 곤약 250g,0
삼호 김치모둠어묵탕 396g,0
삼호 꼬치어묵 600g,0
삼호 만선모둠어묵(꽃게) 726g,0
삼호 매운어묵꼬치360g,0
삼호 매콤달콤 쫀득어묵볶이 330g,0
삼호 매콤달콤 쫀득어묵볶이330gX 2개,0
삼호 모둠어묵탕 374gX 2개 + 우동면사리 190gX 2개,6
삼호 모둠어묵탕374g,0
삼호 부산어묵 떡볶이용사각360g,0
삼호 부산어묵 바른사각240g*2,0
삼호 부산어묵 사각200g,0
삼호 부산어묵 사각540g,0
삼호 순살가득 담은어묵 야채200g,0
삼호 순살가득 담은어묵 오리지널240g,0
삼호 실곤약 200g,0
삼호 안심 부산어묵 볼192g,0
삼호 안심부산어묵 얇은사각300g,0
삼호 안심부산어묵 종합276g*2,0
삼호 얇은포 부산어묵 1kg,0
삼호 오뎅한그릇 얼큰4입,0
삼호 오색어묵탕365g,0
삼호 정통어묵탕 336g,0
삼호 쫀득어묵 500g,0
삼호 특선모둠어묵탕 301g,0
삼호어묵 골라담기,0
삼호어묵 부산어묵 바른사각 240g,0
삼호어묵 안심부산어묵 도톰쫄깃240g*2,0
삼호어묵 안심부산어묵 얇은사각200g*2,0
새싹보리 500ml,9
서리태드레싱240g,10
서울우유 흰우유 아이스크림 474ml 3개,4
쇠고기다시다골드전문식당용1kg,10
숯불향 닭강정 200g,3
숯불향바베큐바 280g,5
쉐프솔루션 고기팡팡 미트볼1kg,11
쉐프솔루션 브로스햄 340gx20개(1BOX),11
슈스트링 냉동감자 2kg,4
스팸 김밥햄 260g,1
스팸 리치치즈 200g,1
스팸 싱글 25%라이트 80g,1
스팸 싱글 클래식 80g,1
스팸 클래식 340g,1
스팸듬뿍 부대찌개_밀키트,7
스팸라이트 200gx3번들(노캡),1
스팸라이트 340gx3번들(노캡),1
스팸리치치즈 200gx3번들(노캡),1
스팸마일드(25%라이트) 200g,1
스팸마일드(25%라이트) 340g,1
스팸클래식 200gx3번들(노캡),1
스팸클래식200g,1
스팸클래식340gx3번들,1
스페인식 감바스_밀키트,7
시저드레싱 235g,10
식빵믹스760g,10
아메리칸 와플믹스 10kg,"11,10"
아메리칸 핫도그용 포크소시지 950g,"11,1"
아몬드 호두 드레싱 230g,10
아이누리 마시는 귤귤이 한라봉 100ml,9
아이누리 마시는 샤이한 청사과 100ml,9
아이누리 마시는 야채친구들 100ml,9
아이시스 8.0 2L x 12펫,9
아이시스 8.0 2L x 24펫,9
아이시스 8.0 300ml x 40펫,9
아이시스 8.0 300ml x 80펫,9
아이시스 8.0 ECO 1.5L x 24펫,9
아이시스 8.0 ECO 300ml x 80펫,9
아이시스 ECO 500ml x 40펫,9
아이시안 루테인+빌베리 600mgX30캡슐,8
아이시안 루테인+빌베리 600mgX30캡슐(1개월)X2개,8
아이시안 루테인+아스타잔틴 300mg(1개월)X2개,8
아이시안 루테인+아스타잔틴 300mgX30캡슐(1개월),8
아티장 밀가루 강력소프트 2kg,10
아티장 밀가루 박력마일드 2kg,10
아티장 밀가루 티(T)55 2kg,10
양갈비 숄더랙 300g+시즈닝 2종,2
양갈비 어깨살 300g+시즈닝 2종,2
양갈비 프렌치랙 300g+시즈닝 2종,2
얼큰 버섯 비비고 만두 전골_밀키트,"7,0"
얼큰시원 동태탕_밀키트,7
얼큰우동한그릇 용기,6
얼티브 바리스타 730ML,9
얼티브 비건커피 에스프레소 190mlx24개,9
얼티브 비건커피 에스프레소 190mlx4번들,9
얼티브 오리지널 190ml,9
얼티브 오리지널 190mlx24개,9
얼티브 오리지널 730ML,9
에비앙 330ml x 24펫,9
여성 기초영양 골라담기,8
영양균형 핫케익믹스 400g,10
오곡참깨 드레싱105g,10
오곡참깨드레싱 240g,10
오리엔탈 드레싱 105g,10
오리엔탈드레싱260g,10
오븐용깨찰빵믹스500g,10
오천년의 신비 명품구운소금 400g,10
오천년의 신비 명품천일염(가는입자) 250g,10
오천년의 신비 명품천일염(굵은입자) 10kg,10
오천년의 신비 명품천일염(굵은입자) 1kg,10
오천년의 신비 명품천일염(굵은입자) 3kg,10
오천년의 신비 명품천일염(중간입자) 500g,10
옥사부반점 광동식난자완스250gx3개,3
옥사부반점 사천식류산슬250gx3개,3
옥수수식빵믹스 760g,10
완도 전복 미역국_밀키트,7
요거트 드레싱245g,10
요리당2.45kg,"11,10"
요리당5kg,11
우동 면사리 190g,6
우리밀부침가루 500g,10
우리쌀로 만든 바삭 튀김가루 1kg,10
울트라레귤러컷 냉동감자 2kg,"4,11"
유러피안 포도씨유 0.5L,10
유자샐러드소스 250g,10
육공육 골라담기,1
육공육 더블에이징 롱후랑크 250g,1
육공육 더블에이징 비엔나 225g,1
육공육 더블에이징 비엔나 475g,1
육공육 더블에이징 킬바사 270g,1
육공육 더블에이징 후랑크 460g,1
육공육 더블에이징 후랑크 허브&페퍼 360g,1
육공육 통삼겹 바베큐 갈릭&바질 300g,1
육공육 통삼겹 바베큐 페퍼 300g,1
육수가득 소불고기 전골_밀키트,"7,0"
이너비 글로우샷 콜라겐(6개),8
이너비 글로우샷 콜라겐(6개)X2개,8
이너비 스노우화이트 500mgX56캡슐(4주),8
이너비 스노우화이트 500mgX56캡슐(4주)X2개,8
이너비 아쿠아리치 더블업 600mgX56캡슐(4주),8
이너비 아쿠아리치 더블업 600mgX56캡슐(4주)X2개,8
이너비 아쿠아뱅크 300mgX56캡슐(4주),8
이너비 아쿠아뱅크 300mgX56캡슐(4주)X2개,8
이너비 콜렉티브 콜라겐 930mgx84정(4주),8
이너비 콜렉티브 콜라겐 930mgx84정(4주)X2개,8
이츠웰 THE감바스X2개,2
이츠웰 냉동블루베리(60g*10입)x2개,2
이츠웰 냉동애플망고(100g*7입)x2개,2
이츠웰 더쫄깃한 육포 (45gx10봉),2
이츠웰 더쫄깃한 육포 (45gx6봉),2
이츠웰 빵가루왕새우튀김300gx3개,"2,3"
이츠웰 빵가루코코넛새우튀김200gx3개,"2,3"
이츠웰 아이스애플망고바(80g*10입)x2개,2
이츠웰 원터치 스위트콘 425g,2
이츠웰 원터치 황도캔 400g,2
이츠웰 참진한 국간장 1.8L,10
이츠웰 참진한 진간장 1.8L,10
이츠웰 포켓팝콘 딸기맛 25g,4
이츠웰 포켓팝콘 딸기맛 25g X 10봉,4
이츠웰 포켓팝콘 블라썸맛 25g X 10봉,4
이츠웰 포켓팝콘 카라멜맛 25g X 10봉,4
이츠웰 포켓팝콘 크리미카라멜맛 25g,4
이츠웰 포켓팝콘 화이트블라썸 25g,4
이츠웰 플리또(망고파인) 130ml,9
이츠웰 플리또(청포도) 130ml,9
이츠웰 해물모둠500gX2개,2
이츠웰 허니버터아몬드 10g X 40봉,4
이츠웰 훈제오리600gx3개,2
잔치집 식혜 240ml x 30캔,9
전립소 쏘팔메토 아연 500mg(2개월)x60캡슐,8
전립소 쏘팔메토 아연 500mgX60캡슐(2개월)X2개,8
전립소 아르기닌 6000 (16.5mlX15포),8
전립소 아르기닌 6000(16.5mlX15포)X2개,8
전통 냉면사리 150g,6
정말맛있는소시지160g,1
정통식 야끼소바 2인분 412g,6
정품진 1+ 갈비살 600g(300gX2팩),2
정품진 1+ 등심 300g+갈비살 300g,2
정품진 1+ 등심300g+채끝300g+갈비살300g,2
정품진 무항생제 1+등급 한우 등심 200g+채끝 200g,2
정품진 무항생제 1+등급 한우 등심 200gx2팩,2
정품진 무항생제 1+등급 한우 등심 200gx3팩,2
정품진 무항생제 1+등급 한우 등심200gx2팩+채끝200g,2
정품진 무항생제 1+등급 한우 사태 200g+목심 200g,2
정품진 무항생제 1+등급 한우 설도 200g x 2팩,2
정품진 무항생제 1+등급 한우 안심 200g+등심 200g+채끝 200g(구이용),2
정품진 무항생제 1+등급 한우 안심 200g+등심 200g+채끝 200g(스테이크용),2
정품진 무항생제 1+등급 한우 안심 200g+채끝 200g,2
정품진 무항생제 1+등급 한우 안심 200gx2팩,2
정품진 무항생제 1+등급 한우 양지 200g,2
정품진 무항생제 1+등급 한우 양지 200g+설도 200g,2
정품진 무항생제 1+등급 한우 채끝 200gx2팩,2
정품진 무항생제 한우차돌박이 200g 2팩,2
제스프리 골드키위 15입(2.1kg내외),2
제일제면소 부산밀면 4인_1734g,6
제일제면소 생칼국수 300g,6
제일제면소 생칼국수550g,6
제일제면소 코다리냉면 2인분,6
제주 삼다수 2L 12입 (6입x2묶음),9
제주 삼다수 330ml x 40입,9
제주 삼다수 500ml 40입 (20입x2묶음),9
조미료 키트 골라담기,10
주부유부왕 300g,0
주부초밥왕 국산콩 328 g,0
주부초밥왕 새콤달콤 꼬마 149.2g,0
주부초밥왕 새콤달콤 유부초밥 도시락기획280g,0
주부초밥왕 새콤달콤320g+160g,0
주부초밥왕 새콤달콤꼬마 447.6g,0
주부초밥왕 새콤달콤유부초밥 320g,0
주부초밥왕 한입사각유부초밥400g,0
중력 밀가루 10kg,"11,10"
중력 밀가루 1kg,10
중력 밀가루 2.5kg,10
중화면용 고급면골드 밀가루 20kg,11
중화요리간짜장 2인분 630g,"6,3"
즐거운동행 가벼운 고단백 두부면(넓은면) 100g,0
즐거운동행 가벼운 고단백 두부면(얇은면) 100g,0
즐거운동행 가벼운 고단백 쌈두부(사각면) 100g,0
즐거운동행 미정당 국물떡볶이 4인분기획 912.4g,4
즐거운동행 미정당 냉면사리 800g,6
즐거운동행 미정당 방앗간 참쌀떡볶이떡360g,6
즐거운동행 미정당 방앗간참쌀떡국떡 400g,6
즐거운동행 미정당 방앗간참쌀왕떡볶이떡 400g,6
즐거운동행 미정당 생칼국수 400g,6
즐거운동행 미정당 우리땅우리쌀떡국떡1kg,6
즐거운동행 미정당 쫄면사리 800g,6
즐거운동행 미정당 쫄볶이 470g,4
즐거운동행미정당 국물떡볶이401.2g,4
즐거운동행미정당 순쌀떡볶이401.2g,4
찰밀가루2.5kg,10
찹쌀 호떡믹스 400g,10
청양레몬간장 드레싱 245g,10
청양초 매운물냉면 2인 954.4g,6
초코칩 쿠키믹스 290g,10
치킨튀김가루1kg,10
친환경 감자 3kg,2
친환경 채소꾸러미(표고버섯 300g 감자 1kg 양파 1kg 애호박 1개),2
칠리토마토 스파게티 640g 2인분,6
칠성사이다 제로 250ml x 30캔,9
칠성사이다 제로 500ml x 20펫,9
칠성사이다 제로 ECO 300ml x 20펫,9
컨디션 스틱 그린애플맛 10입,9
컨디션 스틱 컨디션맛 10입,9
컨디션 헛개 100mlx2병,9
컨디션 헛개수 1.5L,9
컨디션 헛개수 340ml,9
컨디션 헛개수 500ml,9
컨디션CEO 150mlx6병,9
컨디션헛개수 340mlx20개(1박스),9
컨디션헛개수 500mlx20개(1박스),9
컨디션환 20포,9
케이준프라이 냉동감자 2kg,"4,11"
코카-콜라 190ml x 30캔,9
코카-콜라 300ml x 24개,9
코카-콜라 제로 190ml x 30캔,9
코카-콜라 제로 300ml x 24개,9
코카콜라 라벨프리 370ml 24입,9
코카콜라 제로 라벨프리 370ml 24입,9
쿠캣 딸기쏙우유 찹쌀떡 540g,"6,4"
쿠캣 티라미수쏙 찹쌀떡 540g,"6,4"
크레잇 간편식 골라담기,4
크레잇 감자칩바삭카즈 1.5kg,11
크레잇 고기왕교자1.05kg,11
크레잇 고깃집맛 소금구이1.05kg,11
크레잇 고소담백햄(슬라이스) 500g,11
크레잇 구이한판 400g,11
크레잇 그레인믹스 400g(유통기한 23.05.20),6
크레잇 그릴후랑크 660g,11
크레잇 김치손만두 2kg,11
크레잇 김치왕교자1.05kg,11
크레잇 꼬마핫도그 1.25kg(50gX 25개),"4,11"
크레잇 누룩치킨가라아게2kg,11
크레잇 떡갈비스테이크1kg,11
크레잇 로스트 핫봉 1kg,11
크레잇 로스트 핫윙 1kg,11
크레잇 맛밤고구마인스틱 1.056kg,11
크레잇 맛밤송송 함박스테이크1kg,11
크레잇 맛밤송송떡갈비1kg,11
크레잇 미니크리스피핫도그 500g,11
크레잇 바베큐치즈핫랩175g,4
크레잇 바삭통김말이1.4Kg,11
크레잇 베이컨 1kg,11
크레잇 복주머니딤섬 1kg,11
크레잇 생활반찬 고추송송 고기말이1kg,11
크레잇 생활반찬 꼬마돈카츠 1kg,11
크레잇 소보로 순살치킨1kg,11
크레잇 스팸에그치즈핫랩 175g,4
크레잇 유연한LA양념갈비 500g,11
크레잇 유연한소불고기 500g,11
크레잇 육질쫀득 후랑크1kg,11
크레잇 육질탄탄 베이컨1kg,11
크레잇 으라차차 두부너비아니1kg,11
크레잇 으라차차 미트볼 1kg,11
크레잇 으라차차 버거패티1kg,11
크레잇 으라차차 불고기맛함박1.3kg,11
크레잇 전문점 고기왕만두 1.4kg,3
크레잇 전문점 김치왕만두1.4kg,3
크레잇 전문점 물만두 1kg,3
크레잇 전문점 햄치즈카츠 1.5kg,11
크레잇 주먹떡갈비 960g,11
크레잇 찹쌀등심탕수육 스틱형1kg,11
크레잇 치킨가라아게 1kg,11
크레잇 탕수육 1kg,11
크레잇 테이스티박스 다시다떡볶이 265g,4
크레잇 테이스티박스 만두그라탕 240g,3
크레잇 테이스티박스 블랙페퍼 폭찹 스테이크 300g,5
크레잇 테이스티박스 칠리치즈 미트볼&파스타 300g,6
크레잇 테이스티박스 콰트로 콘맥앤치즈 250g,4
크레잇 테이스티박스 토마토파스타 250g,6
크레잇 트러플맥앤치즈핫랩175g,4
크레잇 포자찐만두1.4kg,11
크레잇 한판치킨까스1.45kg,11
크레잇 햄야채볶음밥 280g,11
크레잇바삭한입김말이1kg,11
키위 샐러드소스 115g,10
키위 샐러드소스 250g,10
태양의 식후비법 W차 500ml x 24개,9
탱글탱글 불쭈꾸미볶음_밀키트(유통기한 : 23.08.01),7
토레타 500ml x 24개,9
토종김 참기름 5gX12ea,0
톡톡까먹어밤 500g,4
통감자 바삭부침가루 1Kg,10
통단무지 400g,0
투썸 에이리스트 스틱커피 다크블렌드 150입,9
투썸 에이리스트 스틱커피 다크블렌드 30입,9
투썸 에이리스트 스틱커피 마일드블렌드 150입,9
투썸 에이리스트 스틱커피 마일드블렌드 30입,9
투썸 에이리스트 스틱커피 바닐라라떼 10입,9
투썸 에이리스트 스틱커피 카페라떼 10입,9
투썸 에이리스트 핸드드립커피 다크블렌드,9
투썸 에이리스트 핸드드립커피 디카페인 브라질,9
투썸 에이리스트 핸드드립커피 마일드 블렌드,9
투썸 초콜릿라떼 10입,9
투썸 캡슐커피 다크블렌드 10입,9
투썸 캡슐커피 마일드블렌드 10입,9
투썸 캡슐커피 에티오피아 10입,9
투썸 캡슐커피 콜롬비아 10입,9
튀김가루1kg,10
트러플 부채살 찹스테이크_밀키트,7
트레비 ECO 플레인 350ml x 20펫,9
트레비 라임 500ml x 18펫,9
트레비 레몬 500ml x 18펫,9
파인애플 샐러드소스 250g,10
팻다운 부스터 카르니틴 50mlX14병,8
팻다운 부스터 카르니틴 50mlX14병X2개,8
팻다운 컷 잔티젠(1개월),8
팻다운 컷 잔티젠(1개월)X2개,8
팻다운 파워번 마스터 가르시니아 100mlX10개,8
팻다운 파워번 마스터 가르시니아 100mlX10개X3개,8
팻다운 파워번 마스터 가르시니아 100mlX10개X6개,8
팻다운 파워번 스페셜 가르시니아 100mlX10병,8
팻다운 파워번 스페셜 가르시니아 100mlX10병X3개,8
펩시 제로슈거 355ml X 24캔,9
평양물냉면1800g(4인),6
평양물냉면900g(2인),6
퓨어스펙 블랙라벨 고당도 오렌지 1.8kg내외,2
퓨어스펙 블랙라벨 고당도 오렌지 3kg내외,2
프레시웨이 간식/아이스크림 골라담기,"2,4,3"
플랜테이블 병아리콩 그레인보울 160g,6
플랜테이블 할라피뇨 그레인보울 160g,6
플리또 골드키위배 130ml,9
하선정 4無 치자 김밥단무지 250g,0
하선정 4무첨가 장아찌 150g,0
하선정 까나리액젓 골드 400g,10
하선정 까나리액젓 골드 800g,10
하선정 까나리액젓 실속형 3kg,"11,10"
하선정 까나리액젓 실속형 9kg,"11,10"
하선정 다진마늘 150g,10
하선정 다진마늘 250g,10
하선정 덧장명품액젓 남해안멸치 1Kg,10
하선정 락교380g,0
하선정 먹기좋게썰어놓은오이지 1kg,0
하선정 먹기좋게썰어놓은오이지210g,0
하선정 멸치액젓 골드 400g,10
하선정 멸치액젓 골드 800g,10
하선정 멸치액젓 실속형 9kg,"11,10"
하선정 쌈무(새콤한맛) 200g,0
하선정 쌈무(새콤한맛) 350g,0
하선정 쌈무(와사비) 200g,0
하선정 쌈무(와사비맛)350g,0
하선정 알마늘(간장숙성)380g,0
하선정 알찬 알마늘 1kg,"11,0"
하선정 이절단무지 400g,0
하선정 장아찌 1kg,"11,0"
하선정 통오이지 1kg,"11,0"
하선정 통오이지300g,0
하선정 포기김치 3kg,0
한뿌리 구증구포 흑삼진 골드스틱 10gx30포,8
한뿌리 맛있는 양배추 80mlX30입,8
한뿌리 배도라지 50mlX24입,8
한뿌리 블랙99 흑삼 아르기닌 50mlX7병,8
한뿌리 블랙99 흑삼 아르기닌 50mlX7병X2개,8
한뿌리 석류콜라겐 50mlX24포,8
한뿌리 양배추&브로콜리 골드 80mlx30입,8
한뿌리 홍삼수 340ml,"9,8"
한뿌리 홍삼수 340mlX20개,"9,8"
한뿌리 홍삼식스플러스40mlX30입,8
한뿌리 홍삼식스플러스40mlX60입,8
한뿌리 흑도라지 스틱 8.7mlX60포(2개월)(유통기한:23.12.15),8
한뿌리 흑마늘달임진액 50mlX24입,8
한뿌리 흑삼 젠스틱 10gx30포,8
한뿌리 흑삼달임액 30입,8
한뿌리 흑삼대보 흑마늘세트(유통기한:23.12.23),8
한뿌리 흑삼진액 40mlX30입,8
한뿌리 흑삼진액 40mlX30입X2개,8
한입사각유부초밥 400gX 2개,0
함흥비빔냉면 2인분,6
함흥비빔냉면소스 85g,6
핫케익믹스1kg,10
해물 짬뽕 비비고 만두 전골_밀키트,"7,0"
해쉬브라운 냉동감자 1.2kg,"4,11"
해찬들 100% 국산고추장 1kg,10
해찬들 100% 우리쌀 매운 태양초 고추장 1kg,10
해찬들 100% 우리쌀 매운 태양초 고추장 2kg,10
해찬들 100% 우리쌀 매운 태양초 고추장 3kg,"11,10"
해찬들 100% 우리쌀 매운 태양초 고추장 500g,10
해찬들 100% 우리쌀 태양초 고추장 1kg,10
해찬들 100% 우리쌀 태양초 고추장 200g,10
해찬들 100% 우리쌀 태양초 고추장 2kg,10
해찬들 100% 우리쌀 태양초 고추장 3kg,10
해찬들 100% 우리쌀 태양초 고추장 500g,10
해찬들 8가지 국산양념쌈장 500g,10
해찬들 고기전용 쌈장 450g,10
해찬들 고기전용쌈장 200g,10
해찬들 고기전용쌈장 900g,10
해찬들 고기찍어먹는장 찍장 매콤쌈장 300g,10
해찬들 고기찍어먹는장 찍장 쌈장 300g,10
해찬들 구수한 집된장 2.3kg,10
해찬들 구수한 집된장 3kg,10
해찬들 구수한집된장 1kg,10
해찬들 구수한집된장 500g,10
해찬들 궁중식 쇠고기 볶음고추장 120g,10
해찬들 궁중식 쇠고기 볶음고추장 200g,10
해찬들 궁중식 쇠고기 볶음고추장 500g,10
해찬들 맛있는 재래식된장 2.3kg,10
해찬들 명품 집된장 450g,10
해찬들 명품 집된장 900g,10
해찬들 물로만 끓여도 부드럽고 순한 미소된장 450g,10
해찬들 물로만끓여도 깊고진한 차돌된장된장찌개양념 450g,10
해찬들 물로만끓여도 시원깔끔한 바지락꽃게된장찌개양념 450g,10
해찬들 물로만끓여도 칼칼한 청양초 된장찌개양념 450g,10
해찬들 볶음요리 고추장양념 500g,10
해찬들 사계절쌈장 170g,10
해찬들 사계절쌈장 1kg,10
해찬들 사계절쌈장 3kg,"11,10"
해찬들 사계절쌈장 500g,10
해찬들 사계절쌈장 골드 14kg,"11,10"
해찬들 사계절쌈장500g(봉),10
해찬들 사과듬뿍 비빔장 470g,10
해찬들 새콤달콤 초고추장 1050g,"11,10"
해찬들 새콤달콤 초고추장 300g (튜브),10
해찬들 새콤달콤 초고추장 500g (튜브),10
해찬들 쇠고기 볶음 고추장 60gx3입,10
해찬들 우리쌀로 만든 매운 태양초골드 고추장 900g(봉),10
해찬들 원조 태양초고추장 1kg,10
해찬들 원조 태양초고추장 3kg,10
해찬들 재래식된장 1kg,10
해찬들 재래식된장 3kg,"11,10"
해찬들 재래식된장 500g(봉),10
해찬들 재래식된장 500g(유통기한:2023-09-14),10
해찬들 찰골드고추장 14kg,"11,10"
해찬들 찹쌀 태양초고추장 1kg,10
해찬들 태양초고추장 14kg(캔),"11,10"
해찬들 태양초고추장 6.5kg,"11,10"
해찬들100%국산고추장500g,10
햄스빌 굿베이컨130g*2,1
햄스빌 바로먹는햄 등심 140g,1
햄스빌 아침에 베이컨 70g,1
햄스빌굿베이컨130g*3,1
햄스빌베이컨160g,1
햄스빌베이컨165g*2,1
햇반 100%현미로 지은밥 130g,6
햇반 골라담기,6
햇반 귀리흑미곤약밥 150g,6
햇반 귀리흑미곤약밥 150gX12개,6
햇반 귀리흑미곤약밥 150gX3번들,6
햇반 귀리흑미곤약밥 150gx12번들,6
햇반 라이스크림 흰쌀밥 2입 + 흑미밥 2입,4
햇반 매일오곡밥 210g,6
햇반 매일잡곡밥 210gx8번들,6
햇반 매일잡곡밥210g,6
햇반 매일잡곡밥210g*3,6
햇반 매일잡곡밥210gX18개,6
햇반 매일찰잡곡밥 210g,6
햇반 매일찰잡곡밥 210g*3번들,6
햇반 매일찰잡곡밥 210g*8번들,6
햇반 발아현미밥 작은공기 130gx3입,6
햇반 발아현미밥 작은공기 130gx3입X6개,6
햇반 발아현미밥210g,6
햇반 소프트밀 단호박죽 280g,6
햇반 소프트밀 단호박죽 280gX6개,6
햇반 소프트밀 단호박죽 420g,6
햇반 소프트밀 버섯야채죽 280g,6
햇반 소프트밀 버섯야채죽 420g,6
햇반 소프트밀 전복내장죽 420g,6
햇반 소프트밀 전복삼계죽 420g,6
햇반 소프트밀 전복삼계죽 420gX6개,6
햇반 소프트밀 전복죽 280g,6
햇반 소프트밀 전복죽 420g,6
햇반 소프트밀 통단팥죽 420g,6
햇반 소프트밀 트레이 골라담기,6
햇반 소프트밀 파우치 골라담기,6
햇반 솥반 꿀약밥 210g,6
햇반 솥반 꿀약밥 210gX9개,6
햇반 솥반 버섯영양밥 200g,6
햇반 솥반 뿌리채소영양밥 200g,6
햇반 솥반 뿌리채소영양밥 200gX9개,6
햇반 솥반 통곡물밥 200g,6
햇반 솥반 통곡물밥 200gX9개,6
햇반 스팸김치볶음밥 220g(컵),6
햇반 식후혈당조절도움밥 210gx6입,6
햇반 유기농쌀밥 130g*3,6
햇반 작은 공기 130g,6
햇반 컵반 강된장보리비빔밥 280g,6
햇반 컵반 강된장보리비빔밥 280gX4개,6
햇반 컵반 골라담기,6
햇반 컵반 김치날치알밥 188g,6
햇반 컵반 미역국밥 167g,6
햇반 컵반 불닭마요덮밥 219g,6
햇반 컵반 사골곰탕국밥 166g,6
햇반 컵반 스팸김치덮밥 251g,6
햇반 컵반 치킨커리덮밥 278g,6
햇반 컵반 황태국밥 170g,6
햇반 쿡반 간장버터장조림볶음밥 400g,6
햇반 쿡반 간장버터장조림볶음밥 800g,6
햇반 쿡반 곤드레나물밥 433g,6
햇반 쿡반 곤드레나물밥 866g,6
햇반 쿡반 낙지비빔밥 410g,6
햇반 쿡반 낙지비빔밥 820g,6
햇반 쿡반 매콤부추고기볶음밥 400g,6
햇반 쿡반 매콤부추고기볶음밥 800g (유통기한 23.08.17까지),6
햇반 쿡반 베이컨김치볶음밥 400g,6
햇반 쿡반 베이컨김치볶음밥 800g,6
햇반 쿡반 불고기비빔밥 410g,6
햇반 쿡반 불고기비빔밥820g (유통기한 23.08.11까지),6
햇반 쿡반 불닭마요주먹밥 500g,6
햇반 쿡반 소고기버섯주먹밥 500g,6
햇반 쿡반 스팸김치주먹밥 500g,6
햇반 쿡반 참치마요주먹밥 500g,6
햇반 큰공기 300g,6
햇반 현미귀리곤약밥 150g,6
햇반 현미귀리곤약밥 150gX12개,6
햇반 현미귀리곤약밥 150gX3번들,6
햇반 현미귀리곤약밥 150gx12번들,6
햇반 현미밥 130g,6
햇반 현미쌀밥 210gx3번들,6
햇반 흑미밥 210g,6
햇반 흑미밥 라이스크림 4개,4
햇반 흑미밥 작은공기 130gx3입,6
햇반 흰쌀밥 라이스크림 4개,4
햇반소프트밀 낙지김치죽 420g,6
햇반소프트밀 녹두닭죽 420g,6
햇반소프트밀 누룽지닭백숙죽 280g,6
햇반소프트밀 누룽지닭백숙죽 280gX6개,6
햇반소프트밀 누룽지닭백숙죽 420g,6
햇반소프트밀 닭가슴살 곤약죽 180g,6
햇반소프트밀 동지팥죽 420g(유통기한 : 23.08.01),6
햇반소프트밀 들깨버섯죽 420g,6
햇반소프트밀 매콤차돌된장죽 280g,6
햇반소프트밀 새우계란죽 280g,6
햇반소프트밀 새우계란죽 420g,6
햇반소프트밀 소고기죽 280g,6
햇반소프트밀 소고기죽 420g,6
햇반소프트밀 소고기죽 420gx3개+누룽지닭백숙죽 420gx3개,6
햇반소프트밀 소고기죽 420gx4개,6
햇반소프트밀 전복버섯죽 280g,6
햇반소프트밀 차돌된장죽 420g,6
햇반소프트밀 통단팥죽 280g,6
햇반소프트밀 한우소고기죽 420g,6
햇반소프트밀 한우소고기죽 420gX6개,6
햇반소프트밀 해물누룽지죽 420g,6
햇반소프트밀 황기삼계죽 420g(유통기한 : 23.08.01),6
햇반소프트밀 흑임자죽 280g,6
햇반솥반 골라담기,6
햇반솥반 미미달 기획세트(유통기한23.07.28)(전복내장영양밥 200gX2개+불고기버섯영양밥 200gX2개+뿌리채소영양밥 200gX2개+꿀약밥 200gX2개+컵 코스터 2개입),6
햇반솥반 불고기버섯영양밥 200g,6
햇반솥반 불고기버섯영양밥 200gX9개,6
햇반솥반 소고기우엉밥 200g,6
햇반솥반 전복내장영양밥 200g,6
햇반솥반 전복내장영양밥 200gX9개,6
햇반솥반 흑미밤찰밥 210g,6
햇반작은공기130g*6번들,6
햇반컵반 BIG간장삼겹덮밥 319g,6
햇반컵반 BIG간장삼겹덮밥 319gX4개,6
햇반컵반 BIG김치날치알밥 263g,6
햇반컵반 BIG김치날치알밥 263gX4개,6
햇반컵반 BIG김치삼겹덮밥 325g,6
햇반컵반 BIG김치삼겹덮밥 325gX4개,6
햇반컵반 BIG매콤로제치킨리조또 323g,6
햇반컵반 BIG바질크림리조또 306g,6
햇반컵반 BIG소고기미역국밥311g,6
햇반컵반 BIG소고기미역국밥311gX4개,6
햇반컵반 BIG스팸김치덮밥 328g,6
햇반컵반 BIG스팸김치덮밥 328gX4개,6
햇반컵반 BIG스팸마요덮밥 307g,6
햇반컵반 BIG스팸마요덮밥 307gX4개,6
햇반컵반 BIG치즈닭갈비덮밥 313g,6
햇반컵반 BIG치즈닭갈비덮밥 313gX4개,6
햇반컵반 BIG치킨마요덮밥 313g,6
햇반컵반 BIG치킨마요덮밥 313gX4개,6
햇반컵반 BIG트러플크림리조또 301g,6
햇반컵반 BIG황태콩나물국밥321g,6
햇반컵반 BIG황태콩나물국밥321gX4개,6
햇반컵반 낙지콩나물비빔밥 216g,6
햇반컵반 닭가슴살 현미밥 간장찜닭 262g,6
햇반컵반 닭가슴살 현미밥 간장찜닭 262gX4개,6
햇반컵반 닭가슴살 현미밥 스파이시커리 275g,6
햇반컵반 닭가슴살 현미밥 스파이시커리 275gX4개,6
햇반컵반 버터장조림비빔밥 216g,6
햇반컵반 불닭소스 스팸덮밥 222g,6
햇반컵반 불닭소스 스팸덮밥 222gX4개,6
햇반컵반 불닭소스 치킨덮밥 236g,6
햇반컵반 소고기육개장국밥 253g,6
햇반컵반 순두부찌개국밥173g,6
햇반컵반 스팸마요덮밥219g,6
햇반컵반 중화마파덮밥 275g,6
햇반컵반 직화불고기덮밥 258g,6
햇반컵반 직화짜장덮밥 281g,6
햇반컵반 참치마요덮밥 204g,6
햇반컵반 참치마요덮밥 204gX4개,6
햇반컵반 철판김치덮밥 254g,6
햇반컵반 철판제육덮밥 256g,6
햇반컵반 철판제육덮밥 256gX4개,6
햇반컵반 치킨마요덮밥 233g,6
햇반컵반BIG 골라담기,6
햇반쿡반 김치치즈주먹밥 500g,6
햇반쿡반 깍두기볶음밥 201g,6
햇반쿡반 닭갈비볶음밥 440g,6
햇반쿡반 닭갈비볶음밥 880g,6
햇반쿡반 버터장조림주먹밥 500g,6
햇반쿡반 불고기주먹밥 500g,6
햇반쿡반 새우볶음밥 420g,6
햇반쿡반 새우볶음밥 840g,6
햇반쿡반 스팸김치볶음밥 440g,6
햇반쿡반 주먹밥 골라담기,6
햇반쿡반 차돌깍두기볶음밥 410g,6
햇반쿡반 차돌깍두기볶음밥 820g,6
햇반쿡반 치즈닭갈비주먹밥 500g,6
햇반쿡반 치킨갈릭마요주먹밥 500g,6
행복한콩 2가지로만 국산콩두부 부침용 180g,0
행복한콩 2가지로만 국산콩두부 부침용 300g,0
행복한콩 2가지로만 국산콩두부 부침용180gX3,0
행복한콩 2가지로만 국산콩두부 부침찌개300gX 2개입,0
행복한콩 2가지로만 국산콩두부 찌개용 180g,0
행복한콩 2가지로만 국산콩두부 찌개용 300g,0
행복한콩 국산콩 순두부 330g,0
행복한콩 노릇하게잘구워지는부침두부 300g,0
행복한콩 두부 골라담기,0
행복한콩 모닝두부 오리엔탈소스 150g,0
행복한콩 모닝두부 플레인 140g,0
행복한콩 몽글몽글순두부350gx2개,0
행복한콩 반모두부(150g+150g),0
행복한콩 양념이잘배는찌개두부 300g,0
행복한콩 촌두부 380g,0
행복한콩 콩국물 350gX 4번들,0
행복한콩 콩국물350g,0
행복한콩 콩국물350gX 4개 + 삼호 실곤약200gX 4개,0
행복한콩 콩국물350gX 4개 + 전통냉면사리150gX 4개,0
행복한콩 콩비지 320g,0
행복한콩 큰두부520g,0
행복한콩 폭신폭신 두부볼 750g,0
헬씨누리 침향환 환심 10환,8
헬씨누리 침향환 환심 10환X6입(1BOX),8
호도과자용가루5 11kg,11
훈제대란 20구,0
흑삼정 골드클래스 100gX2개,8
