,category,item
0,4,[1+1]다담 된장찌개 양념 530g
1,4,[1+1]백설 포도씨유 900ml
2,4,다담 된장찌개 양념 530g
3,4,백설 포도씨유 900ml
4,4,[1+1]해찬들 고기찍어먹는장 찍장 쌈장 300g
5,4,해찬들 고기찍어먹는장 찍장 쌈장 300g
6,4,[1+1]백설 압착올리브유 900ml
7,4,[1+1]해찬들 사계절쌈장 500g
8,4,백설 압착올리브유 900ml
9,4,[1+1]백설 참치액 진더풍부한맛 900g
10,4,해찬들 사계절쌈장 500g
11,4,[1+1]해찬들 100% 우리쌀 태양초 고추장 1kg
12,4,해찬들 100% 우리쌀 태양초 고추장 1kg
13,4,백설 돈까스 소스 255g
14,4,백설 참치액 진더풍부한맛 900g
15,4,[1+1]해찬들 물로만끓여도 시원깔끔한 바지락꽃게 된장찌개양념 450g
16,4,[3+3]다담 장조림 반찬양념 150G
17,4,[1+1]산들애 처음부터 멸치다시마 육수 525g
18,4,백설 허니머스터드 소스 250g
19,4,다담 순두부찌개 양념 140g
20,4,5가지 재료로만 만든 부침가루 1kg
21,4,백설 면비빔용소스 890g
22,4,[3+3]다담 오이소박이 김치양념 150G
23,4,[1+1]해찬들 물로만 끓여도 부드럽고 순한 미소된장 450g
24,4,백설 남해굴소스 500g
25,4,해찬들 물로만끓여도 시원깔끔한 바지락꽃게된장찌개양념 450g
26,4,[3+3]다담 진미채 반찬양념 150G
27,4,[3+3]다담 멸치볶음 반찬양념 150G
28,4,산들애 처음부터 멸치다시마 육수 525g
29,4,[3+3]다담 겉절이 양념 150g
30,4,백설 맛술 생강 800ml
31,4,백설 다담 장조림양념 150g
32,4,[3+3]다담 파김치양념 150G
33,4,다담 매콤두부조림양념140g
34,4,[1+1]해찬들 물로만끓여도 깊고진한 차돌된장찌개양념 450g
35,4,다담 차돌순두부찌개양념130g
36,4,백설 진한참기름 500ml
37,4,백설 고소함가득 참기름 430ml
38,4,해찬들 사과듬뿍 비빔장 470g
39,4,해찬들 물로만 끓여도 부드럽고 순한 미소된장 450g
40,4,다담 국물떡볶이양념 530g
41,4,다담 부대찌개 양념 140g
42,4,다담 순두부찌개양념 140gX4번들
43,4,[1+1]백설 참치액 순더깔끔한맛 900g
44,4,[3+3]다담 깻잎지 반찬양념 150G
45,4,오곡참깨드레싱 240g
46,4,백설 카놀라유 900ml
47,4,다담 진미채 양념 150g
48,4,백설 다담 멸치볶음양념 150g
49,4,백설 다담 오이소박이양념 150g
50,4,[1+1]해찬들 물로만끓여도 칼칼한 청양초 된장찌개양념 450g
51,4,백설 유러피안 엑스트라버진 올리브유 스프레이 200ml
52,4,하선정 다진마늘 250g
53,4,해찬들 물로만끓여도 깊고진한 차돌된장된장찌개양념 450g
54,4,백설 치폴레 스파이시 소스 260g
55,4,백설 허브맛솔트시즈닝 순한맛 50g
56,4,백설 콩기름 1.8L
57,4,해찬들 새콤달콤 초고추장 1050g
58,4,백설 베이컨까르보나라 파스타소스 355g
59,4,백설 유러피안 퓨어 올리브유 500ml
60,4,백설 참치액 진더풍부한맛 500g
61,4,다담 정통된장찌개양념 140g x4번들
62,4,백설 참치액 순더깔끔한맛 900g
63,4,다담 청국장찌개 양념 530g
64,4,백설 100% 통참깨 참기름 300ml
65,4,백설 하얀설탕 3kg
66,4,백설 다담 겉절이양념 150g
67,4,다담 국물떡볶이양념 145g
68,4,백설 토마토라구 파스타소스 375g
69,4,다담 파김치 양념 150g
70,4,해찬들 명품 집된장 900g
71,4,해찬들 궁중식 쇠고기 볶음고추장 500g
72,4,이츠웰 참진한 진간장 1.8L
73,4,백설 바삭한 요리유 900ml
74,4,다담 깻잎지 양념 150g
75,4,다담 베스트 골라담기
76,4,백설 상큼하고 깔끔한 사과식초 900ml
77,4,백설 토마토스파게티소스610g
78,4,다담 양념듬뿍쌈장 570g
79,4,다담 차돌된장찌개양념 145g
80,4,100% 통들깨 들기름 300ml
81,4,해찬들 100% 국산고추장 1kg
82,4,해찬들 물로만끓여도 칼칼한 청양초 된장찌개양념 450g
83,4,해찬들 고기전용 쌈장 450g
84,4,해찬들100%국산고추장500g
85,4,다담 차돌고추장찌개양념130g
86,4,백설 스테이크 소스 255g
87,4,맛소금 250g
88,4,조미료 키트 골라담기
89,4,백설 소불고기양념 840g
90,4,백설 쌀올리고당 700g
91,4,백설 토마토 바질 파스타소스 365g
92,4,발사믹드레싱 250g
93,4,우리쌀로 만든 바삭 튀김가루 1kg
94,4,백설 통손질국물내기 국내산멸치디포리 10gX6개입
95,4,해찬들 고기찍어먹는장 찍장 매콤쌈장 300g
96,4,백설 하얀설탕 5kg
97,4,해찬들 찹쌀 태양초고추장 1kg
98,4,쇠고기다시다골드전문식당용1kg
99,4,고소한 볶음참깨 1kg
100,4,해찬들 구수한집된장 1kg
101,4,백설 스파이시 아라비아따 파스타소스 365g
102,4,다시다 프리미엄골드 숙성한우 60g
103,4,백설 하얀설탕1kg
104,4,해찬들 새콤달콤 초고추장 500g (튜브)
105,4,다시다 골드 쇠고기 96g
106,4,백설 크리미 로제 파스타소스 365g
107,4,해찬들 재래식된장 3kg
108,4,백설 트러플크림 파스타소스 355g
109,4,하선정 덧장명품액젓 남해안멸치 1Kg
110,4,찹쌀 호떡믹스 400g
111,4,오리엔탈드레싱260g
112,4,백설 맛술 생강 500ml
113,4,다시다 골드 쇠고기 600g
114,4,고추장/된장/쌈장 소용량 골라담기
115,4,해찬들 사계절쌈장 170g
116,4,해찬들 100% 우리쌀 매운 태양초 고추장 1kg
117,4,다담 마늘닭볶음탕양념 230g
118,4,비비고 GOTCHU 갓츄 핫소스 300g
119,4,백설 갈색설탕 5Kg
120,4,하선정 다진마늘 150g
121,4,백설 프락토 올리고당 1.2kg
122,4,해찬들 궁중식 쇠고기 볶음고추장 200g
123,4,백설 2배사과식초 1.8L
124,4,산들애 국내산 한우 250g
125,4,해찬들 볶음요리 고추장양념 500g
126,4,백설 유러피안 올리브유 500ml(유통기한:2024-03-24)
127,4,다시다 쇠고기 1kg
128,4,백설 소갈비양념 840g
129,4,백설 상큼하고 깔끔한 사과식초 500ml
130,4,백설 흑설탕 1kg
131,4,백설 쌀올리고당 1.2kg
132,4,해찬들 고기전용쌈장 900g
133,4,백설 명란로제 파스타소스 370g
134,4,백설 로제스파게티소스610g
135,4,백설 갈색설탕 3Kg
136,4,중력 밀가루 1kg
137,4,CJ 오리엔탈드레싱 620g
138,4,백설 콩기름 0.9L
139,4,해찬들 새콤달콤 초고추장 300g (튜브)
140,4,백설 돼지갈비양념 840g
141,4,백설 올리브유 500ml
142,4,백설 건강발효 사과식초 500ml
143,4,백설 갈색설탕 1Kg
144,4,백설 매콤한 돼지불고기양념 500g
145,4,우리밀부침가루 500g
146,4,감자수제비가루500g
147,4,[3+3]다담 깍두기 김치양념 155G
148,4,다담 갈치조림양념150g
149,4,하선정 까나리액젓 골드 800g
150,4,해찬들 100% 우리쌀 매운 태양초 고추장 3kg
151,4,찰밀가루2.5kg
152,4,백설 유러피안 스프레이 오일 기프트 세트
153,4,다담 마파두부양념150g
154,4,해찬들 100% 우리쌀 태양초 고추장 500g
155,4,오천년의 신비 명품천일염(굵은입자) 10kg
156,4,오천년의 신비 명품천일염(가는입자) 250g
157,4,해찬들 사계절쌈장 3kg
158,4,[1+1]해찬들 원조 태양초고추장 1kg
159,4,다시다 프리미엄골드 멸치디포리 60g
160,4,백설 상큼하고 깔끔한 2배사과식초 900ml
161,4,백설 튀김전용유 1.8L
162,4,박력 밀가루 2.5kg
163,4,중력 밀가루 2.5kg
164,4,백설 유러피안 해바라기유 스프레이 200ml
165,4,이츠웰 참진한 국간장 1.8L
166,4,다담 안동찜닭 양념 220g
167,4,백설 매콤화끈 닭갈비양념 470g
168,4,고소한 볶음참깨 430g
169,4,해찬들 명품 집된장 450g
170,4,다시다 골드 쇠고기 250g
171,4,해찬들 쇠고기 볶음 고추장 60gx3입
172,4,오천년의 신비 명품천일염(굵은입자) 3kg
173,4,해찬들 원조 태양초고추장 1kg
174,4,다담 우렁강된장양념 140gX4번들
175,4,백설 사리원 불고기 480g
176,4,해찬들 사계절쌈장 1kg
177,4,오천년의 신비 명품천일염(중간입자) 500g
178,4,5가지 재료로만 만든 튀김가루 1kg
179,4,파인애플 샐러드소스 250g
180,4,다담 고깃집된장찌개양념 130g
181,4,백설 닭볶음탕양념 490g
182,4,바질&로즈마리드레싱 235g
183,4,산들애 처음부터 가쓰오 육수 525g
184,4,백설 브라운 자일로스 설탕 1kg
185,4,백설 진한 참기름 320ml
186,4,백설 우리밀 밀가루 750g
187,4,핫케익믹스1kg
188,4,백설 남해 전복굴소스 350g
189,4,백설 옥수수유 1.8L
190,4,해찬들 8가지 국산양념쌈장 500g
191,4,백설 찰밀가루1kg
192,4,백설 브라운 자일로스 설탕 5Kg
193,4,백설 고기양념 골라담기
194,4,백설 소갈비양념 500g
195,4,백설 매콤한 돼지불고기양념 840g
196,4,백설 브라운 자일로스설탕 500g
197,4,백설 남해굴소스 210g
198,4,백설 와플믹스 450g
199,4,백설 바삭한 빵가루 450g
200,4,다담 깍두기 양념 155g
201,4,산들애 처음부터 멸치다시마 육수 275g
202,4,다담 순두부찌개양념 130g
203,4,사골곰탕 한 그릇 100g (1-2인분X5개입)
204,4,백설 소불고기양념 500g
205,4,튀김가루1kg
206,4,백설 허브맛솔트시즈닝 마늘맛 50g
207,4,백설 쌀엿1.2Kg
208,4,다시다 명품골드 쇠고기 100g
209,4,백설 물엿 2.45kg
210,4,백설 진한참기름 110ml
211,4,다담 청국장찌개 양념 130g
212,4,백설 토마토스파게티소스 150g
213,4,백설 맛술 로즈마리 800ml
214,4,백설 하얀 자일로스 설탕 5kg
215,4,백설 로제스파게티소스 150g
216,4,해찬들 100% 우리쌀 태양초 고추장 200g
217,4,아메리칸 와플믹스 10kg
218,4,해찬들 구수한 집된장 2.3kg
219,4,해찬들 100% 우리쌀 태양초 고추장 2kg
220,4,백설 통손질국물내기 얼큰해물 10gX6개입
221,4,유자샐러드소스 250g
222,4,백설 아라비아따스파게티소스 150g
223,4,백설 해바라기씨유 900ml
224,4,백설 브라운 자일로스 설탕 2kg
225,4,해찬들 구수한집된장 500g
226,4,다담 우렁강된장 양념 500g
227,4,하선정 멸치액젓 골드 400g
228,4,백설 남해굴소스 350g
229,4,백설 매콤칼칼 돼지등갈비양념 470g
230,4,청양레몬간장 드레싱 245g
231,4,다담 냉이된장찌개양념 140g x4번들
232,4,백설 스테이크 솔트&시즈닝 40g
233,4,백설 요리올리고당 1.2Kg
234,4,백설 포도씨유 500ml
235,4,백설 100% 통참깨 참기름 110ml
236,4,백설 요리 올리고당 2.45kg
237,4,오천년의 신비 명품구운소금 400g
238,4,강력 밀가루 2.5kg
239,4,백설 아라비아따 토마토스파게티소스 610g
240,4,백설 갈비양념 480g
241,4,고추장/된장/쌈장 대용량 골라담기
242,4,해찬들 재래식된장 1kg
243,4,아몬드 호두 드레싱 230g
244,4,백설 우리밀핫케익믹스500g
245,4,해찬들 궁중식 쇠고기 볶음고추장 120g
246,4,백설 옥수수전분 20kg
247,4,해찬들 태양초고추장 6.5kg
248,4,다담 보리쌈장 570g
249,4,비건다시다 콩으로 만든 쇠고기향 가득 100g
250,4,비건다시다 콩으로 만든 쇠고기향 가득 60g
251,4,아티장 밀가루 강력소프트 2kg
252,4,물엿1.2kg
253,4,하선정 까나리액젓 실속형 3kg
254,4,백설 카놀라유 500ml
255,4,백설 요리당 1.2Kg
256,4,백설 프락토 올리고당 2.45kg
257,4,백설 토마토 파스타소스 455g
258,4,해찬들 100% 우리쌀 매운 태양초 고추장 500g
259,4,해찬들 100% 우리쌀 태양초 고추장 3kg
260,4,다시다 멸치 1kg
261,4,하선정 까나리액젓 골드 400g
262,4,백설 돼지갈비양념 500g
263,4,시저드레싱 235g
264,4,백설 초코케익믹스 350g
265,4,아티장 밀가루 박력마일드 2kg
266,4,백설 맛술 로즈마리 500ml
267,4,다담 떡볶이양념 150g
268,4,해찬들 구수한 집된장 3kg
269,4,하선정 멸치액젓 골드 800g
270,4,해찬들 사계절쌈장 골드 14kg
271,4,배터믹스20kg
272,4,통감자 바삭부침가루 1Kg
273,4,다시다 쇠고기 25kg
274,4,백설 통밀밀가루 1kg
275,4,영양균형 핫케익믹스 400g
276,4,백설 100% 통들깨 들기름 160ml
277,4,중력 밀가루 10kg
278,4,오리엔탈 드레싱 105g
279,4,박력 밀가루 1kg
280,4,다시다 냉면 300g
281,4,레몬&라임드레싱260g
282,4,키위 샐러드소스 250g
283,4,백설 하얀 자일로스 설탕 1kg
284,4,백설 고추장삼겹살구이양념 500g
285,4,키위 샐러드소스 115g
286,4,백설 남해 매운굴소스 350g
287,4,다시다 조개 500g
288,4,백설 초당옥수수호떡믹스 300g(유통기한: 2023-08-12)
289,4,요거트 드레싱245g
290,4,오곡참깨 드레싱105g
291,4,오천년의 신비 명품천일염(굵은입자) 1kg
292,4,백설 유기농 갈색설탕 1kg
293,4,부침가루1kg
294,4,백설 프락토 올리고당 700g
295,4,백설 고소함가득 참기름300ml
296,4,백설 굴소스해물맛 360g
297,4,유러피안 포도씨유 0.5L
298,4,브라우니믹스 320g
299,4,식빵믹스760g
300,4,백설머핀믹스500g
301,4,오븐용깨찰빵믹스500g
302,4,옥수수식빵믹스 760g
303,4,건강곡물 부침가루 400g
304,4,다시다 골드 쇠고기 400g
305,4,요리당2.45kg
306,4,백설 닭볶음탕양념 290g
307,4,해찬들 재래식된장 500g(유통기한:2023-09-14)
308,4,다시다 쇠고기 500g
309,4,서리태드레싱240g
310,4,백설 물엿 700g
311,4,다담 우렁강된장 비빔 양념 140g
312,4,백설 하얀 자일로스설탕 500g
313,4,백설 허브맛솔트시즈닝 매콤한맛 50g
314,4,산들애 그대로멸치다시마육수500g
315,4,백설 옥수수유 0.9L
316,4,백설 참치액 순더깔끔한맛 500g
317,4,백설 매실당1.2kg
318,4,건강을 생각한 요리유 900ml
319,4,백설 해바라기씨유 500ml
320,4,아티장 밀가루 티(T)55 2kg
321,4,백설 하얀 자일로스 설탕 2kg
322,4,강력 밀가루 1kg
323,4,치킨튀김가루1kg
324,4,다담 사골부대찌개양념 130g
325,4,다담 강된장찌개양념 130g
326,4,백설 5가지 재료로만 만든 부침가루 350g
327,4,하선정 멸치액젓 실속형 9kg
328,4,백설 쌀엿 700g
329,4,초코칩 쿠키믹스 290g
330,4,백설 돼지갈비양념 290g
331,4,해찬들 원조 태양초고추장 3kg
332,4,해찬들 태양초고추장 14kg(캔)
333,4,다시다 해물 1kg
334,4,건강을 생각한 요리유 500ml
335,4,다담 냉이된장찌개 양념 140g
336,4,다담 정통된장찌개 양념 140g
337,4,다담 매콤 떡볶이양념 140g
338,4,녹차맛 찹쌀호떡믹스 400 g
339,4,해찬들 재래식된장 500g(봉)
340,4,하선정 까나리액젓 실속형 9kg
341,4,해찬들 100% 우리쌀 매운 태양초 고추장 2kg
342,4,해찬들 찰골드고추장 14kg
343,4,바삭한 빵가루 1kg
344,4,해찬들 고기전용쌈장 200g
345,4,바삭한 요리유 500ml
346,4,백설 요리당 700g
347,4,해찬들 맛있는 재래식된장 2.3kg
348,4,해찬들 사계절쌈장500g(봉)
349,4,해찬들 우리쌀로 만든 매운 태양초골드 고추장 900g(봉)
350,5,아이시스 8.0 2L x 24펫
351,5,트레비 ECO 플레인 350ml x 20펫
352,5,아이시스 ECO 500ml x 40펫
353,5,아이시스 8.0 ECO 1.5L x 24펫
354,5,제주 삼다수 500ml 40입 (20입x2묶음)
355,5,제주 삼다수 2L 12입 (6입x2묶음)
356,5,코카-콜라 제로 190ml x 30캔
357,5,아이시스 8.0 ECO 300ml x 80펫
358,5,토레타 500ml x 24개
359,5,코카-콜라 190ml x 30캔
360,5,쁘띠첼 미초 석류 900ml
361,5,코카-콜라 제로 300ml x 24개
362,5,코카-콜라 300ml x 24개
363,5,칠성사이다 제로 250ml x 30캔
364,5,컨디션헛개수 340mlx20개(1박스)
365,5,코카콜라 제로 라벨프리 370ml 24입
366,5,컨디션헛개수 500mlx20개(1박스)
367,5,태양의 식후비법 W차 500ml x 24개
368,5,컨디션 스틱 그린애플맛 10입
369,5,한뿌리 홍삼수 340mlX20개
370,5,얼티브 오리지널 190mlx24개
371,5,아이시스 8.0 2L x 12펫
372,5,메티에 요거트 파우더 1kg
373,5,컨디션환 20포
374,5,컨디션 헛개수 340ml
375,5,투썸 캡슐커피 다크블렌드 10입
376,5,잔치집 식혜 240ml x 30캔
377,5,제주 삼다수 330ml x 40입
378,5,백설 매실청 1.025Kg
379,5,투썸 에이리스트 스틱커피 다크블렌드 150입
380,5,컨디션 헛개수 500ml
381,5,얼티브 비건커피 에스프레소 190mlx24개
382,5,쁘띠첼 미초 파인애플 900ml
383,5,칠성사이다 제로 500ml x 20펫
384,5,한뿌리 홍삼수 340ml
385,5,메티에 클래식슈가시럽700ml
386,5,얼티브 오리지널 190ml
387,5,투썸 캡슐커피 콜롬비아 10입
388,5,트레비 레몬 500ml x 18펫
389,5,백설 리얼 레몬청 310ml
390,5,코카콜라 라벨프리 370ml 24입
391,5,아이누리 마시는 귤귤이 한라봉 100ml
392,5,컨디션 헛개 100mlx2병
393,5,컨디션 헛개수 1.5L
394,5,메티에 리치카라멜시럽700ml
395,5,백설 리얼 매실청 310ml
396,5,얼티브 비건커피 에스프레소 190mlx4번들
397,5,백설 매실청 645g
398,5,투썸 에이리스트 핸드드립커피 디카페인 브라질
399,5,투썸 에이리스트 핸드드립커피 마일드 블렌드
400,5,투썸 에이리스트 핸드드립커피 다크블렌드
401,5,컨디션 스틱 컨디션맛 10입
402,5,투썸 캡슐커피 에티오피아 10입
403,5,얼티브 오리지널 730ML
404,5,투썸 에이리스트 스틱커피 바닐라라떼 10입
405,5,아이시스 8.0 300ml x 80펫
406,5,메티에 청포도 시럽 700ml
407,5,메티에 그린티 파우더 500g
408,5,메티에 리치바닐라시럽700ml
409,5,트레비 라임 500ml x 18펫
410,5,투썸 에이리스트 스틱커피 마일드블렌드 30입
411,5,이츠웰 플리또(망고파인) 130ml
412,5,투썸 캡슐커피 마일드블렌드 10입
413,5,새싹보리 500ml
414,5,투썸 에이리스트 스틱커피 카페라떼 10입
415,5,백설 리얼 오미자청 310ml
416,5,투썸 에이리스트 스틱커피 마일드블렌드 150입
417,5,투썸 에이리스트 스틱커피 다크블렌드 30입
418,5,메티에 리치카라멜소스 2kg
419,5,아이누리 마시는 야채친구들 100ml
420,5,에비앙 330ml x 24펫
421,5,얼티브 바리스타 730ML
422,5,아이시스 8.0 300ml x 40펫
423,5,백설 리얼 배도라지청 310ml
424,5,이츠웰 플리또(청포도) 130ml
425,5,아이누리 마시는 샤이한 청사과 100ml
426,5,메티에 토피넛향 시럽 700ml
427,5,메티에 리치바닐라시럽 700ml(펌프세트)
428,5,백설 리얼 생강청 310ml
429,5,플리또 골드키위배 130ml
430,5,컨디션CEO 150mlx6병
431,5,메티에 리치초코소스 2kg
432,5,투썸 초콜릿라떼 10입
433,5,메티에 뱅쇼향시럽700ml
434,5,펩시 제로슈거 355ml X 24캔
435,5,칠성사이다 제로 ECO 300ml x 20펫
436,6,닥터뉴트리 알티지오메가3 트리플
437,6,아이시안 루테인+아스타잔틴 300mgX30캡슐(1개월)
438,6,아이시안 루테인+아스타잔틴 300mg(1개월)X2개
439,6,바이오코어 데일리 유산균 30포(1개월)X3개
440,6,바이오코어 데일리 유산균 30포(1개월)
441,6,남성 기초영양 골라담기
442,6,리턴업 아이시안 루테인 지아잔틴40+ 60캡슐(2개월)X2개(유통기한:24.02.18)
443,6,전립소 아르기닌 6000(16.5mlX15포)X2개
444,6,전립소 아르기닌 6000 (16.5mlX15포)
445,6,[1+1]전립소 아르기닌 6000 (16.5mlX15포)
446,6,팻다운 컷 잔티젠(1개월)
447,6,팻다운 컷 잔티젠(1개월)X2개
448,6,[1+1]바이오코어 다이어트 유산균 30캡슐 (1개월)
449,6,바이오코어 다이어트 유산균 30캡슐(1개월)X2개
450,6,바이오코어 다이어트 유산균 30캡슐 (1개월)
451,6,리턴업 전립소 쏘팔메토 골드 1000mgX60캡슐(2개월)
452,6,리턴업 전립소 쏘팔메토 골드 1000mgX60캡슐(2개월)X2개
453,6,리턴업 아이시안 루테인 지아잔틴100mgX30캡슐(1개월)X2개
454,6,리턴업 아이시안 루테인 지아잔틴100mgX30캡슐(1개월)
455,6,여성 기초영양 골라담기
456,6,바이오코어 건강한 생유산균 100억(캡슐)(1개월)X2개
457,6,바이오코어 100억 유산균 30캡슐(1개월)
458,6,바이오코어 500억 유산균 60캡슐(1개월)
459,6,바이오코어 500억 유산균 60캡슐(1개월)
460,6,바이오코어 500억 유산균 60캡슐(1개월)X2개
461,6,바이오코어 건강한 생유산균 100억(스틱)(1개월)X2개
462,6,바이오코어 100억 유산균 30포(1개월)
463,6,닥터뉴트리 포커스 멀티비타민 60캡슐(2개월)X3개
464,6,닥터뉴트리 포커스 멀티비타민 60캡슐(2개월)
465,6,닥터뉴트리 아쿠아셀오메가3 60캡슐 (1개월)
466,6,닥터뉴트리 아쿠아셀오메가3 60캡슐(1개월)X2개
467,6,BYO 유산균 면역플러스 60캡슐(2개월)
468,6,BYO 면역플러스 60캡슐(2개월)X2개
469,6,리턴업 관절케어 MSM (1개월분)
470,6,리턴업 관절케어 MSM (1개월분)X2개
471,6,리턴업 갱년기케어 500mgX60캡슐(1개월)X2개
472,6,리턴업 갱년기케어 500mgX60캡슐(1개월)
473,6,아이시안 루테인+빌베리 600mgX30캡슐
474,6,아이시안 루테인+빌베리 600mgX30캡슐(1개월)X2개
475,6,바이오코어 질건강 유산균 30캡슐(1개월)
476,6,바이오코어 질건강 유산균(1개월)X2개
477,6,리턴업 팻다운 톡 깔라만시맛(10포)X3개
478,6,리턴업 팻다운 톡 깔라만시맛(10포)X6개
479,6,팻다운 파워번 마스터 가르시니아 100mlX10개
480,6,팻다운 파워번 마스터 가르시니아 100mlX10개X3개
481,6,팻다운 파워번 마스터 가르시니아 100mlX10개X6개
482,6,이너비 콜렉티브 콜라겐 930mgx84정(4주)
483,6,이너비 콜렉티브 콜라겐 930mgx84정(4주)X2개
484,6,한뿌리 홍삼수 340mlX20개
485,6,바이오코어 가벼워질 시간 6입
486,6,바이오코어 가벼워질시간 6병X2개
487,6,바이오코어 키즈 유산균 30포(1개월)X2개
488,6,바이오코어 키즈 유산균 30포
489,6,한뿌리 흑삼진액 40mlX30입X2개
490,6,한뿌리 흑삼진액 40mlX30입
491,6,바이오코어 피부면역 유산균 30포(1개월)X2개
492,6,바이어코어 피부면역 유산균 30포(1개월)
493,6,닥터뉴트리 멀티 위드 이너뷰티 30포(1개월)(유통기한:23.09.20)
494,6,리턴업 팻다운 톡 깔라만시맛(10포)
495,6,팻다운 파워번 스페셜 가르시니아 100mlX10병
496,6,팻다운 파워번 스페셜 가르시니아 100mlX10병X3개
497,6,리턴업 면역케어 프로폴리스(1개월)X2개
498,6,닥터뉴트리 포커스 비타민D 트윈세트 120캡슐(4개월)
499,6,한뿌리 홍삼식스플러스40mlX60입
500,6,리턴업 발효효소 베이직 90g(1개월)(유통기한:23.11.10까지)
501,6,리턴업 발효효소 베이직 90g(1개월)X2개(유통기한:23.11.10까지)
502,6,리턴업 면역케어 프로폴리스(1개월)
503,6,한뿌리 맛있는 양배추 80mlX30입
504,6,이너비 글로우샷 콜라겐(6개)X2개
505,6,바이오코어 구강유산균 30정X2개
506,6,바이오코어 구강유산균 30정
507,6,구증구포 흑삼진 스틱 10gX30포
508,6,한뿌리 흑삼 젠스틱 10gx30포
509,6,전립소 쏘팔메토 아연 500mgX60캡슐(2개월)X2개
510,6,전립소 쏘팔메토 아연 500mg(2개월)x60캡슐
511,6,한뿌리 홍삼수 340ml
512,6,이너비 글로우샷 콜라겐(6개)
513,6,이너비 아쿠아뱅크 300mgX56캡슐(4주)X2개
514,6,이너비 아쿠아뱅크 300mgX56캡슐(4주)
515,6,닥터뉴트리 슬립메이트 락티움 30정
516,6,닥터뉴트리 슬립메이트 락티움 30정X2개
517,6,구증구포 흑삼진 블랙 스틱 10gX30포
518,6,흑삼정 골드클래스 100gX2개
519,6,닥터뉴트리 멀티 위드 본케어(1개월)(유통기한:23.09.15)
520,6,닥터뉴트리 멀티 베이직 30포(1개월)(유통기한:23.09.20)
521,6,한뿌리 구증구포 흑삼진 골드스틱 10gx30포
522,6,이너비 스노우화이트 500mgX56캡슐(4주)
523,6,이너비 스노우화이트 500mgX56캡슐(4주)X2개
524,6,이너비 아쿠아리치 더블업 600mgX56캡슐(4주)X2개
525,6,이너비 아쿠아리치 더블업 600mgX56캡슐(4주)
526,6,한뿌리 석류콜라겐 50mlX24포
527,6,한뿌리 흑삼달임액 30입
528,6,팻다운 부스터 카르니틴 50mlX14병X2개
529,6,팻다운 부스터 카르니틴 50mlX14병
530,6,리턴업 전립소 맥스 60캡슐(2개월)
531,6,헬씨누리 침향환 환심 10환X6입(1BOX)
532,6,구증구포 흑삼대보 40mlX30포
533,6,한뿌리 홍삼식스플러스40mlX30입
534,6,헬씨누리 침향환 환심 10환
535,6,닥터뉴트리 포커스 비타민B 트윈세트 120캡슐(4개월)(유통기한:23.10.24)
536,6,한뿌리 흑삼대보 흑마늘세트(유통기한:23.12.23)
537,6,한뿌리 배도라지 50mlX24입
538,6,한뿌리 흑마늘달임진액 50mlX24입
539,6,한뿌리 양배추&브로콜리 골드 80mlx30입
540,6,바이오코어 하이프로틴 유산균 10일분
541,6,바이오코어 하이프로틴 유산균 10일분 X 3개
542,6,구증구포 흑삼대보 골드 40mlX30포
543,6,한뿌리 블랙99 흑삼 아르기닌 50mlX7병
544,6,한뿌리 블랙99 흑삼 아르기닌 50mlX7병X2개
545,6,리턴업 식물성 알티지오메가3콰트로 60캡슐(1개월)
546,6,한뿌리 흑도라지 스틱 8.7mlX60포(2개월)(유통기한:23.12.15)
547,6,리턴업 전립소 파워 500mgX60캡슐(2개월)
548,6,리턴업 발효효소 홍삼플러스 30포(1개월)(유통기한:23.09.20)
549,6,닥터뉴트리 포커스 비타민D 4000IU 60캡슐(2개월)X3개
550,6,닥터뉴트리 포커스 비타민D 4000IU 60캡슐(2개월)
551,7,[가정의달] 혼합과일선물세트(사과4+참외4+골드키위6+백자메론2)5.2Kg
552,7,이츠웰 훈제오리600gx3개
553,7,꿀 고구마 2kg (특상)
554,7,이츠웰 냉동블루베리(60g*10입)x2개
555,7,[가정의달] 사과배혼합세트4호(사과8수+배3수 4.5Kg)
556,7,양갈비 프렌치랙 300g+시즈닝 2종
557,7,퓨어스펙 블랙라벨 고당도 오렌지 3kg내외
558,7,이츠웰 아이스애플망고바(80g*10입)x2개
559,7,프레시웨이 간식/아이스크림 골라담기
560,7,이츠웰 냉동애플망고(100g*7입)x2개
561,7,꿀 고구마 2kg (중)
562,7,미트마스터 한돈 삼겹살300g+목심살300g(총600g)
563,7,이츠웰 해물모둠500gX2개
564,7,무농약 대추방울토마토 1kg
565,7,양갈비 숄더랙 300g+시즈닝 2종
566,7,랍스터홍새우가리비관자플래터
567,7,이츠웰 THE감바스X2개
568,7,이츠웰 더쫄깃한 육포 (45gx10봉)
569,7,미트마스터 한돈 항정살 300g x 2팩
570,7,[가정의달] 명란시대 짜지않고 맛있는 명란젓 800g
571,7,[가정의달] 배선물세트(9입 6.5Kg)
572,7,양갈비 어깨살 300g+시즈닝 2종
573,7,퓨어스펙 블랙라벨 고당도 오렌지 1.8kg내외
574,7,이츠웰 빵가루왕새우튀김300gx3개
575,7,미트마스터 한돈 삼겹살 300g x 2팩
576,7,[가정의달] 청도 반건시 선물세트 1.5kg(30개입)
577,7,정품진 무항생제 1+등급 한우 등심 200g+채끝 200g
578,7,무농약 토마토 2kg내외
579,7,[가정의달] 청도 반건시 프리미엄 선물세트 1.5kg (24개입)
580,7,이츠웰 원터치 스위트콘 425g
581,7,이츠웰 빵가루코코넛새우튀김200gx3개
582,7,제스프리 골드키위 15입(2.1kg내외)
583,7,이츠웰 더쫄깃한 육포 (45gx6봉)
584,7,미트마스터 한돈 목심살300gx2팩(총600g)
585,7,미트마스터 한돈 등심덧살300gx2팩
586,7,정품진 무항생제 1+등급 한우 양지 200g+설도 200g
587,7,미트마스터 한돈 삼겹살 300g+목심살 300g+항정살 300g
588,7,[가정의달] 이스라엘 메르쥴 품종 대추야자 선물세트 700g
589,7,친환경 감자 3kg
590,7,무항생제 닭다리 400g 2팩
591,7,정품진 무항생제 1+등급 한우 등심 200gx2팩
592,7,무항생제 윗날개(봉) 350g 2팩
593,7,이츠웰 원터치 황도캔 400g
594,7,무항생제 아랫날개(윙) 350g 2팩
595,7,무항생제 닭볶음용 800g
596,7,정품진 무항생제 1+등급 한우 등심 200gx3팩
597,7,정품진 무항생제 한우차돌박이 200g 2팩
598,7,[가정의달] 송이고버섯선물세트 700g
599,7,정품진 무항생제 1+등급 한우 채끝 200gx2팩
600,7,친환경 채소꾸러미(표고버섯 300g 감자 1kg 양파 1kg 애호박 1개)
601,7,미트마스터 한돈 삼겹살300g+목심살300g+갈매기살300g
602,7,정품진 무항생제 1+등급 한우 양지 200g
603,7,정품진 무항생제 1+등급 한우 안심 200g+채끝 200g
604,7,미트마스터 한돈 수육용 삼겹살 500gx2팩
605,7,미트마스터 한돈 수육용 목심살 500gx2팩
606,7,정품진 무항생제 1+등급 한우 안심 200gx2팩
607,7,무항생제 닭가슴살 400g 2팩
608,7,메르쥴품종 대추야자 350g x2개
609,7,미트마스터 한돈 삼겹살300g+목심살300g+항정살300g+등심덧살300g (총 1.2kg)
610,7,미트마스터 한돈 갈매기살300gx2팩(총600g)
611,7,미트마스터 한돈 항정살300g+등심덧살300g+갈매기살300g (총 900g)
612,7,미트마스터 한돈 수육용 삼겹살 500g+목심살 500g
613,7,정품진 무항생제 1+등급 한우 안심 200g+등심 200g+채끝 200g(구이용)
614,7,정품진 무항생제 1+등급 한우 안심 200g+등심 200g+채끝 200g(스테이크용)
615,7,정품진 무항생제 1+등급 한우 등심200gx2팩+채끝200g
616,7,정품진 무항생제 1+등급 한우 설도 200g x 2팩
617,7,[가정의달] 국내산 함안 백자메론(5수) 선물세트 6kg
618,7,[가정의달] 사과 선물세트 4.2kg 12입
619,7,[가정의달] 머스크 멜론 선물세트 4.5kg(3수)
620,7,무농약 양파 3kg
621,7,정품진 1+ 등심 300g+갈비살 300g
622,7,정품진 1+ 갈비살 600g(300gX2팩)
623,7,정품진 1+ 등심300g+채끝300g+갈비살300g
624,7,[행사]청매실 10kg
625,7,[행사]청매실 5kg
626,7,무항생제 백숙용 생닭 830g
627,7,정품진 무항생제 1+등급 한우 사태 200g+목심 200g
628,9,크레잇 치킨가라아게 1kg
629,9,해찬들 새콤달콤 초고추장 1050g
630,9,백설 하얀설탕 15kg
631,9,크레잇 육질탄탄 베이컨1kg
632,9,해쉬브라운 냉동감자 1.2kg
633,9,케이준프라이 냉동감자 2kg
634,9,아메리칸 핫도그용 포크소시지 950g
635,9,크레잇 꼬마핫도그 1.25kg(50gX 25개)
636,9,크레잇 로스트 핫윙 1kg
637,9,백설 하얀설탕 5kg
638,9,백설 2배사과식초 1.8L
639,9,해찬들 재래식된장 3kg
640,9,하선정 통오이지 1kg
641,9,백설 콩기름 3.6L
642,9,백설 갈색설탕 5Kg
643,9,크레잇 으라차차 버거패티1kg
644,9,크레잇 생활반찬 꼬마돈카츠 1kg
645,9,크레잇 로스트 핫봉 1kg
646,9,해찬들 사계절쌈장 3kg
647,9,크레잇 미니크리스피핫도그 500g
648,9,크레잇 찹쌀등심탕수육 스틱형1kg
649,9,백설 콩기름 1.5L
650,9,크레잇 육질쫀득 후랑크1kg
651,9,울트라레귤러컷 냉동감자 2kg
652,9,크레잇 고소담백햄(슬라이스) 500g
653,9,크레잇 떡갈비스테이크1kg
654,9,크레잇 바삭통김말이1.4Kg
655,9,백설 갈색설탕 15kg
656,9,해찬들 100% 우리쌀 매운 태양초 고추장 3kg
657,9,크레잇 주먹떡갈비 960g
658,9,크레잇바삭한입김말이1kg
659,9,크레잇 한판치킨까스1.45kg
660,9,백설 요리 올리고당 2.45kg
661,9,크레잇 으라차차 두부너비아니1kg
662,9,아메리칸 와플믹스 10kg
663,9,크레잇 으라차차 불고기맛함박1.3kg
664,9,크레잇 유연한소불고기 500g
665,9,백설 맥아물엿 5kg
666,9,백설 브라운 자일로스 설탕 5Kg
667,9,크레잇 구이한판 400g
668,9,크레잇 유연한LA양념갈비 500g
669,9,백설 옥수수전분 20kg
670,9,크레잇 탕수육 1kg
671,9,하선정 알찬 알마늘 1kg
672,9,백설 하얀 자일로스 설탕 5kg
673,9,배터믹스20kg
674,9,다시다 쇠고기 25kg
675,9,하선정 장아찌 1kg
676,9,크레잇 김치손만두 2kg
677,9,중력 밀가루 10kg
678,9,하선정 까나리액젓 실속형 3kg
679,9,해찬들 태양초고추장 6.5kg
680,9,강력 밀가루 20kg
681,9,크레잇 그릴후랑크 660g
682,9,백설 아이미 1kg
683,9,하선정 멸치액젓 실속형 9kg
684,9,백설 프락토 올리고당 2.45kg
685,9,크레잇 고깃집맛 소금구이1.05kg
686,9,크레잇 소보로 순살치킨1kg
687,9,중화면용 고급면골드 밀가루 20kg
688,9,해찬들 사계절쌈장 골드 14kg
689,9,크레잇 맛밤고구마인스틱 1.056kg
690,9,크레잇 맛밤송송 함박스테이크1kg
691,9,요리당2.45kg
692,9,백설 올리고당을 더한 물엿 2.45kg
693,9,백설 미풍 3kg
694,9,고급면용1호 20kg
695,9,해찬들 태양초고추장 14kg(캔)
696,9,호도과자용가루5 11kg
697,9,크레잇 복주머니딤섬 1kg
698,9,크레잇 으라차차 미트볼 1kg
699,9,크레잇 감자칩바삭카즈 1.5kg
700,9,크레잇 전문점 햄치즈카츠 1.5kg
701,9,쉐프솔루션 브로스햄 340gx20개(1BOX)
702,9,크레잇 누룩치킨가라아게2kg
703,9,하선정 까나리액젓 실속형 9kg
704,9,백설 아이미 2kg
705,9,해찬들 찰골드고추장 14kg
706,9,백설 흑설탕 15kg
707,9,크레잇 맛밤송송떡갈비1kg
708,9,크레잇 김치왕교자1.05kg
709,9,크레잇 고기왕교자1.05kg
710,9,백설 치킨전용믹스순한맛 5kg
711,9,크레잇 포자찐만두1.4kg
712,9,크레잇 베이컨 1kg
713,9,요리당5kg
714,9,크레잇 햄야채볶음밥 280g
715,9,쉐프솔루션 고기팡팡 미트볼1kg
716,9,크레잇 생활반찬 고추송송 고기말이1kg
717,10,[쿡킷] 캠핑C세트 (새우가득 김치필라프+흑후추항정살스테이크)
718,10,[지정일 택배배송][쿡킷] 새우 가득 김치 필라프
719,10,[지정일 택배배송][쿡킷] 부채살 찹스테이크
720,10,[지정일 택배배송][쿡킷] 밀푀유나베
721,10,[쿡킷] 캠핑B세트 (얼큰 소고기샤브샤브+우삼겹순두부찌개)
722,10,[지정일 택배배송][쿡킷] 우삼겹순두부찌개
723,10,[지정일 택배배송][쿡킷] 달래된장전골
724,10,[지정일 택배배송][쿡킷] 얼큰 소고기샤브샤브
725,10,육수가득 소불고기 전골_밀키트
726,10,[지정일 택배배송][쿡킷] 육개장 칼국수
727,10,[지정일 택배배송][쿡킷] 사골황태국
728,10,[지정일 택배배송][쿡킷] 버섯소불고기
729,10,[지정일 택배배송][쿡킷] 소고기뭇국
730,10,[지정일 택배배송][쿡킷] 토마토비프스튜
731,10,[쿡킷] 캠핑A세트 (청경채 소고기볶음+토마토비프스튜)
732,10,완도 전복 미역국_밀키트
733,10,[지정일 택배배송][쿡킷] 시래기된장국
734,10,[지정일 택배배송][쿡킷] 흑후추 항정살 스테이크
735,10,[지정일 택배배송][쿡킷] 우삼겹샤브샤브
736,10,[지정일 택배배송][쿡킷] 청경채 소고기볶음
737,10,[지정일 택배배송][쿡킷] 수삼양지수육전골
738,10,[지정일 택배배송][쿡킷] 소고기두부전골
739,10,[지정일 택배배송][쿡킷] 얼큰소고기우거지탕
740,10,[지정일 택배배송][쿡킷] 스팸리치치즈존슨탕
741,10,[지정일 택배배송][쿡킷] 더건강한 닭가슴살 토마토리조또
742,10,[지정일 택배배송][쿡킷] 칼칼한 순두부 스팸김치찜
743,10,스페인식 감바스_밀키트
744,10,[택배배송] 얼큰 버섯 비비고 만두 전골_밀키트 (유통기한 23.08.30까지)
745,10,얼큰 버섯 비비고 만두 전골_밀키트
746,10,트러플 부채살 찹스테이크_밀키트
747,10,[택배배송] 해물 짬뽕 비비고 만두 전골_밀키트 (유통기한 23.09.14까지)
748,10,해물 짬뽕 비비고 만두 전골_밀키트
749,10,얼큰시원 동태탕_밀키트
750,10,스팸듬뿍 부대찌개_밀키트
751,10,[지정일 택배배송][쿡킷] 평양식 어복쟁반
752,10,탱글탱글 불쭈꾸미볶음_밀키트(유통기한 : 23.08.01)
753,18,[UPCYCLE]햇반 210gx24개(1box)
754,18,햇반소프트밀 차돌된장죽 420g
755,18,[UPCYCLE]햇반 매일잡곡밥 210gx24개(1box)
756,18,[6+6]햇반 작은 공기 130g
757,18,[9+9]햇반 큰공기 300g
758,18,[5+5]동치미냉면육수 300g
759,18,[5+5]밸런스밀 귀리 50g
760,18,고메 중화짬뽕 652g
761,18,햇반 현미귀리곤약밥 150gX12개
762,18,[UPCYCLE]햇반 흑미밥 210gx24개(1box)
763,18,동치미물냉면 2인분+함흥비빔냉면 2인분
764,18,[2+2]플랜테이블 병아리콩 그레인보울 160g
765,18,[1+1]가쓰오우동 2인분+튀김우동 2인분 (유통기한 23.08.04까지)
766,18,[5+5]햇반 매일잡곡밥210g
767,18,햇반 매일잡곡밥210gX18개
768,18,[1+1]햇반쿡반 차돌깍두기볶음밥 820g
769,18,[5+5]밸런스밀 프로틴쉐이크 카카오 50g
770,18,[1+1]햇반쿡반 새우볶음밥 840g
771,18,동치미냉면육수 300g
772,18,햇반 발아현미밥 작은공기 130gx3입X6개
773,18,햇반 골라담기
774,18,햇반 작은 공기 130g
775,18,[3+3]햇반 솥반 꿀약밥 210g
776,18,햇반 솥반 꿀약밥 210gX9개
777,18,가쓰오우동 2인분+튀김우동 2인분 (유통기한 23.08.04까지)
778,18,햇반쿡반 차돌깍두기볶음밥 820g
779,18,햇반 큰공기 300g
780,18,햇반쿡반 새우볶음밥 840g
781,18,햇반 귀리흑미곤약밥 150gX12개
782,18,[1+1]햇반 쿡반 베이컨김치볶음밥 800g
783,18,밸런스밀 귀리 50g
784,18,플랜테이블 병아리콩 그레인보울 160g
785,18,[4+4]밸런스밀 바나나 50g
786,18,햇반 현미귀리곤약밥 150g
787,18,햇반 발아현미밥 작은공기 130gx3입
788,18,햇반솥반 불고기버섯영양밥 200gX9개
789,18,[3+3]햇반솥반 불고기버섯영양밥 200g
790,18,[2+2]햇반 소프트밀 단호박죽 420g
791,18,[5+5]밸런스밀 견과 50g
792,18,[3+3]햇반 솥반 버섯영양밥 200g
793,18,햇반 매일잡곡밥210g
794,18,[3+3]햇반 솥반 뿌리채소영양밥 200g
795,18,햇반 솥반 뿌리채소영양밥 200gX9개
796,18,간편한끼! 볶음밥 골라담기
797,18,햇반 쿡반 베이컨김치볶음밥 800g
798,18,[4+4]밸런스밀 고구마 50g
799,18,동치미물냉면 4인분
800,18,밸런스밀 프로틴쉐이크 카카오 50g
801,18,[1+1]햇반 쿡반 낙지비빔밥 820g
802,18,햇반쿡반 김치치즈주먹밥 500g
803,18,[1+1]햇반쿡반 닭갈비볶음밥 880g
804,18,햇반솥반 전복내장영양밥 200gX9개
805,18,햇반솥반 골라담기
806,18,햇반 솥반 꿀약밥 210g
807,18,가쓰오메밀생면1136.8g(4인분)
808,18,[3+3]햇반솥반 흑미밤찰밥 210g
809,18,햇반컵반 BIG스팸마요덮밥 307gX4개
810,18,[1+1]가쓰오우동 2인분 466.6g
811,18,햇반컵반 BIG치즈닭갈비덮밥 313gX4개
812,18,햇반컵반 치킨마요덮밥 233g
813,18,햇반 컵반 강된장보리비빔밥 280gX4개
814,18,햇반소프트밀 황기삼계죽 420g(유통기한 : 23.08.01)
815,18,햇반 쿡반 낙지비빔밥 820g
816,18,햇반솥반 불고기버섯영양밥 200g
817,18,햇반솥반 불고기버섯영양밥 200g
818,18,햇반 귀리흑미곤약밥 150g
819,18,가쓰오우동 2인+얼큰우동 2인 (유통기한 23.07.19까지)
820,18,햇반쿡반 닭갈비볶음밥 880g
821,18,햇반컵반 BIG스팸김치덮밥 328gX4개
822,18,밸런스밀 바나나 50g
823,18,햇반 소프트밀 단호박죽 420g
824,18,햇반컵반 BIG치킨마요덮밥 313gX4개
825,18,[1+1]국물가득 토마토매콤 파스타 632.2g
826,18,비비고 잔칫집모둠잡채644g
827,18,햇반컵반 BIG김치날치알밥 263gX4개
828,18,고메 중화짜장 760g
829,18,[1+1]햇반 쿡반 간장버터장조림볶음밥 800g
830,18,햇반소프트밀 누룽지닭백숙죽 280gX6개
831,18,햇반쿡반 치즈닭갈비주먹밥 500g
832,18,햇반 쿡반 스팸김치주먹밥 500g
833,18,가쓰오우동 2인분 466.6g
834,18,뜨끈한 우동 골라담기
835,18,밸런스밀 견과 50g
836,18,햇반솥반 전복내장영양밥 200g
837,18,햇반 솥반 버섯영양밥 200g
838,18,햇반소프트밀 한우소고기죽 420gX6개
839,18,햇반 솥반 뿌리채소영양밥 200g
840,18,밸런스밀 고구마 50g
841,18,햇반소프트밀 동지팥죽 420g(유통기한 : 23.08.01)
842,18,햇반컵반 닭가슴살 현미밥 간장찜닭 262gX4개
843,18,매콤달큰시원한배물냉면1940g(4인)
844,18,햇반 소프트밀 전복내장죽 420g
845,18,국물가득 토마토매콤 파스타 632.2g
846,18,햇반컵반 BIG스팸마요덮밥 307g
847,18,햇반컵반 BIG치즈닭갈비덮밥 313g
848,18,햇반컵반BIG 골라담기
849,18,동치미물냉면 2인분
850,18,[1+1]햇반 쿡반 매콤부추고기볶음밥 800g (유통기한 23.08.17까지)
851,18,햇반 쿡반 간장버터장조림볶음밥 800g
852,18,햇반 소프트밀 단호박죽 280gX6개
853,18,삼호 모둠어묵탕 374gX 2개 + 우동면사리 190gX 2개
854,18,햇반 컵반 강된장보리비빔밥 280g
855,18,햇반솥반 흑미밤찰밥 210g
856,18,[3+3]가쓰오 우동한그릇
857,18,햇반쿡반 불고기주먹밥 500g
858,18,햇반컵반 BIG스팸김치덮밥 328g
859,18,햇반 소프트밀 전복삼계죽 420gX6개
860,18,햇반 쿡반 곤드레나물밥 866g
861,18,비비고 시원바지락칼국수642g (2인분)
862,18,가쓰오우동 4인분 933.2g
863,18,[3+3]햇반소프트밀 닭가슴살 곤약죽 180g
864,18,햇반컵반 BIG치킨마요덮밥 313g
865,18,함흥비빔냉면 2인분
866,18,햇반컵반 닭가슴살 현미밥 스파이시커리 275gX4개
867,18,햇반컵반 BIG김치날치알밥 263g
868,18,햇반소프트밀 한우소고기죽 420g
869,18,고메 중화게살볶음밥 420g
870,18,햇반소프트밀 누룽지닭백숙죽 280g
871,18,햇반 쿡반 매콤부추고기볶음밥 800g (유통기한 23.08.17까지)
872,18,햇반 소프트밀 전복죽 420g
873,18,햇반컵반 닭가슴살 현미밥 간장찜닭 262g
874,18,고메 봉골레 오일 파스타 626g (2인분)
875,18,베트남 쌀국수 2인분 375g
876,18,면요리 골라담기
877,18,평양물냉면1800g(4인)
878,18,햇반쿡반 버터장조림주먹밥 500g
879,18,햇반쿡반 주먹밥 골라담기
880,18,햇반 쿡반 참치마요주먹밥 500g
881,18,고메 머쉬룸 투움바 파스타 740g (2인분)
882,18,햇반쿡반 치킨갈릭마요주먹밥 500g
883,18,고소한 콩국수 2인 880g
884,18,햇반 컵반 치킨커리덮밥 278g
885,18,햇반컵반 BIG소고기미역국밥311gX4개
886,18,햇반컵반 스팸마요덮밥219g
887,18,백설 소면 900g
888,18,정통식 야끼소바 2인분 412g
889,18,[3+3]얼큰 우동 한그릇
890,18,햇반 흑미밥 작은공기 130gx3입
891,18,햇반 컵반 스팸김치덮밥 251g
892,18,햇반소프트밀 해물누룽지죽 420g
893,18,햇반소프트밀 낙지김치죽 420g
894,18,햇반소프트밀 누룽지닭백숙죽 420g
895,18,[1+1]햇반 쿡반 불고기비빔밥820g (유통기한 23.08.11까지)
896,18,햇반 솥반 통곡물밥 200gX9개
897,18,고메 삼선해물볶음밥 420g
898,18,햇반 소프트밀 단호박죽 280g
899,18,햇반 소프트밀 전복삼계죽 420g
900,18,햇반 컵반 미역국밥 167g
901,18,햇반 컵반 김치날치알밥 188g
902,18,햇반 컵반 불닭마요덮밥 219g
903,18,햇반컵반 직화짜장덮밥 281g
904,18,햇반 소프트밀 버섯야채죽 420g
905,18,[1+1]즐거운동행 김치버섯칼국수 392G (유통기한 23.06.14까지)
906,18,고메 중화소고기볶음밥 420g
907,18,햇반소프트밀 전복버섯죽 280g
908,18,햇반컵반 직화불고기덮밥 258g
909,18,햇반솥반 소고기우엉밥 200g
910,18,햇반컵반 BIG황태콩나물국밥321gX4개
911,18,햇반컵반 닭가슴살 현미밥 스파이시커리 275g
912,18,햇반 쿡반 소고기버섯주먹밥 500g
913,18,햇반컵반 중화마파덮밥 275g
914,18,백설 자른햇당면 500g
915,18,햇반소프트밀 닭가슴살 곤약죽 180g
916,18,햇반소프트밀 녹두닭죽 420g
917,18,햇반컵반 철판제육덮밥 256gX4개
918,18,가쓰오우동한그릇
919,18,햇반컵반 순두부찌개국밥173g
920,18,백설 파스타 면 500g
921,18,햇반소프트밀 소고기죽 280g
922,18,햇반컵반 참치마요덮밥 204gX4개
923,18,제일제면소 부산밀면 4인_1734g
924,18,햇반 쿡반 불고기비빔밥820g (유통기한 23.08.11까지)
925,18,[식물성] 햇반쿡반 플랜테이블 전주비빔주먹밥 500g
926,18,햇반소프트밀 통단팥죽 280g
927,18,사천마라탕면 2인분 434g
928,18,국물가득 바지락시원파스타 403g
929,18,비비고 얼큰버섯칼국수632g
930,18,햇반컵반 BIG김치삼겹덮밥 325gX4개
931,18,플랜테이블 할라피뇨 그레인보울 160g
932,18,햇반소프트밀 소고기죽 420g
933,18,햇반 소프트밀 파우치 골라담기
934,18,햇반 컵반 황태국밥 170g
935,18,햇반 소프트밀 통단팥죽 420g
936,18,햇반 쿡반 불닭마요주먹밥 500g
937,18,햇반컵반 BIG소고기미역국밥311g
938,18,볼로냐스파게티2인625g
939,18,[고메x덕후선생] 고메 덕후선생 마장반면 425g
940,18,크레잇 테이스티박스 칠리치즈 미트볼&파스타 300g
941,18,햇반컵반 버터장조림비빔밥 216g
942,18,고메 트러플 크림 파스타 740g (2인분)
943,18,우동 면사리 190g
944,18,비비고 버섯잡채1180g
945,18,햇반 소프트밀 트레이 골라담기
946,18,햇반소프트밀 흑임자죽 280g
947,18,얼큰우동한그릇 용기
948,18,햇반컵반 BIG간장삼겹덮밥 319gX4개
949,18,함흥비빔냉면소스 85g
950,18,까르보나라스파게티 2인분 600g
951,18,제일제면소 코다리냉면 2인분
952,18,햇반소프트밀 새우계란죽 280g
953,18,즐거운동행 미정당 우리땅우리쌀떡국떡1kg
954,18,햇반 소프트밀 버섯야채죽 280g
955,18,[고메x덕후선생] 고메 호남식납육초반 420g
956,18,즐거운동행 미정당 냉면사리 800g
957,18,전통 냉면사리 150g
958,18,햇반소프트밀 들깨버섯죽 420g
959,18,햇반컵반 BIG황태콩나물국밥321g
960,18,"빕스 볶음밥 1인분 X 6종(감바스,나시고랭,불고기,치킨김치,멕시코식,바비큐포크)"
961,18,햇반 솥반 통곡물밥 200g
962,18,즐거운동행 미정당 방앗간참쌀떡국떡 400g
963,18,햇반컵반 철판제육덮밥 256g
964,18,햇반 소프트밀 전복죽 280g
965,18,햇반소프트밀 새우계란죽 420g
966,18,평양물냉면900g(2인)
967,18,비비고 진한교자칼국수630g
968,18,햇반컵반 참치마요덮밥 204g
969,18,햇반컵반 불닭소스 스팸덮밥 222gX4개
970,18,고메 머쉬룸크림수프 180g*4입
971,18,고메 콘크림수프 180g*4입
972,18,햇반 쿡반 불고기비빔밥 410g
973,18,햇반컵반 BIG김치삼겹덮밥 325g
974,18,햇반 컵반 사골곰탕국밥 166g
975,18,햇반 컵반 골라담기
976,18,크레잇 테이스티박스 토마토파스타 250g
977,18,햇반 귀리흑미곤약밥 150gx12번들
978,18,즐거운동행 미정당 쫄면사리 800g
979,18,매콤달큰시원한배물냉면970g(2인)
980,18,햇반 식후혈당조절도움밥 210gx6입
981,18,햇반쿡반 차돌깍두기볶음밥 410g
982,18,햇반 매일잡곡밥210g*3
983,18,햇반 발아현미밥210g
984,18,백설 메밀소바 400g
985,18,즐거운동행 미정당 방앗간참쌀왕떡볶이떡 400g
986,18,햇반쿡반 새우볶음밥 420g
987,18,햇반 현미귀리곤약밥 150gx12번들
988,18,햇반컵반 철판김치덮밥 254g
989,18,햇반컵반 BIG간장삼겹덮밥 319g
990,18,[식물성] 햇반쿡반 플랜테이블 불고기주먹밥 500g
991,18,햇반 스팸김치볶음밥 220g(컵)
992,18,칠리토마토 스파게티 640g 2인분
993,18,중화요리간짜장 2인분 630g
994,18,고메 브로콜리크림수프 180g*4입
995,18,햇반 유기농쌀밥 130g*3
996,18,햇반 흑미밥 210g
997,18,햇반컵반 소고기육개장국밥 253g
998,18,햇반컵반 불닭소스 스팸덮밥 222g
999,18,햇반쿡반 닭갈비볶음밥 440g
1000,18,햇반 쿡반 간장버터장조림볶음밥 400g
1001,18,햇반소프트밀 매콤차돌된장죽 280g
1002,18,가쓰오튀김우동 2인분
1003,18,햇반컵반 불닭소스 치킨덮밥 236g
1004,18,백설 칼국수면 900g
1005,18,빕스 소고기 쌀국수 3팩
1006,18,햇반 쿡반 곤드레나물밥 433g
1007,18,청양초 매운물냉면 2인 954.4g
1008,18,햇반쿡반 스팸김치볶음밥 440g
1009,18,햇반 현미귀리곤약밥 150gX3번들
1010,18,햇반솥반 미미달 기획세트(유통기한23.07.28)(전복내장영양밥 200gX2개+불고기버섯영양밥 200gX2개+뿌리채소영양밥 200gX2개+꿀약밥 200gX2개+컵 코스터 2개입)
1011,18,비비고 버섯잡채590g
1012,18,백설 자른햇당면 300g
1013,18,비비고 잔칫집모둠잡채322g
1014,18,햇반 쿡반 낙지비빔밥 410g
1015,18,백설 만능 사리당면 80g
1016,18,미정당 생칼국수 1kg
1017,18,제일제면소 생칼국수550g
1018,18,쿠캣 티라미수쏙 찹쌀떡 540g
1019,18,백설 소면 500g
1020,18,햇반 100%현미로 지은밥 130g
1021,18,햇반컵반 낙지콩나물비빔밥 216g
1022,18,햇반 쿡반 매콤부추고기볶음밥 400g
1023,18,빕스 단호박 뇨끼 3팩
1024,18,햇반컵반 BIG바질크림리조또 306g
1025,18,빕스 뇨끼감바스 3팩
1026,18,햇반 귀리흑미곤약밥 150gX3번들
1027,18,햇반쿡반 깍두기볶음밥 201g
1028,18,가쓰오얼큰우동 2인분
1029,18,쿠캣 딸기쏙우유 찹쌀떡 540g
1030,18,제일제면소 생칼국수 300g
1031,18,햇반소프트밀 소고기죽 420gx3개+누룽지닭백숙죽 420gx3개
1032,18,즐거운동행 미정당 방앗간 참쌀떡볶이떡360g
1033,18,햇반 쿡반 베이컨김치볶음밥 400g
1034,18,즐거운동행 미정당 생칼국수 400g
1035,18,빕스 고르곤졸라 뇨끼 3팩
1036,18,백설 사리소면 100g
1037,18,냉면 골라담기
1038,18,[UPCYCLE]햇반 매일찰잡곡밥 210gx24개(1box)
1039,18,[UPCYCLE]햇반 발아현미밥 210gx24개(1box)
1040,18,빕스 미트라자냐 3팩
1041,18,[20+20]햇반 210g
1042,18,[3+3]둥근햇반 210gx3입
1043,18,햇반소프트밀 소고기죽 420gx4개
1044,18,크레잇 그레인믹스 400g(유통기한 23.05.20)
1045,18,햇반 매일찰잡곡밥 210g
1046,18,햇반컵반 BIG매콤로제치킨리조또 323g
1047,18,햇반컵반 BIG트러플크림리조또 301g
1048,18,백설 중면 900g
1049,18,백설 대왕 납작당면 300g
1050,18,햇반 현미쌀밥 210gx3번들
1051,18,햇반 매일찰잡곡밥 210g*8번들
1052,18,햇반 매일잡곡밥 210gx8번들
1053,18,햇반 매일찰잡곡밥 210g*3번들
1054,18,햇반 현미밥 130g
1055,18,햇반작은공기130g*6번들
1056,18,둥근햇반 210gx3입
1057,18,햇반 매일오곡밥 210g
1058,19,[생산직송]비비고 포기배추김치 5kg+총각김치 2kg
1059,19,[생산직송]비비고 포기김치 5kg+열무김치 900gX2개
1060,19,비비고 순살 고등어구이 60g
1061,19,비비고 소고기 미역국 500gx18개(1box)
1062,19,비비고 소고기 미역국 500gX6개
1063,19,비비고 갈비탕 400gx18개(1box)
1064,19,비비고 사골곰탕 500gX18개(1box)
1065,19,비비고 열무김치 1.5kg
1066,19,비비고 육개장 500gX6개
1067,19,비비고 육개장 500gx18개(1box)
1068,19,비비고 소고기 미역국 500g
1069,19,비비고 갈비탕 400g
1070,19,[1+1]행복한콩 2가지로만 국산콩두부 부침용 300g
1071,19,비비고 닭곰탕 500gX4개
1072,19,[3+3]비비고 돼지고기김치찌개 460G
1073,19,비비고 돼지고기김치찌개 460gX4개
1074,19,[3+3]행복한콩 콩국물 350g
1075,19,[2+2]CJ명가 한식간장김자반 50g
1076,19,[5+5]비비고 한우사골곰탕 500g
1077,19,비비고 한우사골곰탕 500gx18개(1box)
1078,19,[1+1]행복한콩 2가지로만 국산콩두부 찌개용 300g
1079,19,(냉동) 비비고 테이블 본갈비탕 700gX2개 + 특설렁탕 700gX2개 + 특양지곰탕 700gX2개
1080,19,행복한콩 2가지로만 국산콩두부 부침용 300g
1081,19,비비고 국물요리 골라담기
1082,19,비비고 육개장 500g
1083,19,비비고 사골곰탕 500g
1084,19,(냉동) 비비고 테이블 본갈비탕 700gX3개
1085,19,행복한콩 2가지로만 국산콩두부 찌개용 300g
1086,19,비비고 닭곰탕 500g
1087,19,비비고 총각김치 1.5kg
1088,19,(냉동) 비비고 테이블 특설렁탕 700g
1089,19,비비고 돼지고기김치찌개 460g
1090,19,비비고 소고기무국 500gX4개
1091,19,CJ명가 김밥김 22g
1092,19,(냉동) 비비고 테이블 특 선물세트 (본갈비탕700g + 특양지곰탕700g + 특설렁탕700g)
1093,19,(냉동) 비비고 테이블 본갈비탕 700g
1094,19,비비고 냉동국물 골라담기
1095,19,비비고 스팸부대찌개 460gX4개
1096,19,[3+3]비비고 스팸부대찌개 460G
1097,19,비비고 소고기장터국 500gX4개
1098,19,행복한콩 콩국물350g
1099,19,비비고 도가니곰탕 460gx18개(1box)
1100,19,비비고 도가니곰탕 460gX6개
1101,19,비비고 진국설렁탕 500gX4개
1102,19,CJ명가 한식간장김자반 50g
1103,19,비비고 감자탕 460gX4개
1104,19,비비고 차돌육개장 500gX4개
1105,19,비비고 노릇하게 구운 갈치구이 70g
1106,19,비비고 설렁탕 500gX4개
1107,19,비비고 한우사골곰탕 500g
1108,19,[생산직송]비비고 BASIC 포기배추김치 10kg
1109,19,비비고 남도식 추어탕 460gx18개(1box)
1110,19,비비고 남도식 추어탕 460gX4개
1111,19,비비고 차돌된장찌개 460gX4개
1112,19,(냉동) 비비고 테이블 특양지곰탕 700g
1113,19,행복한콩 2가지로만 국산콩두부 부침찌개300gX 2개입
1114,19,비비고 소고기무국 500g
1115,19,비비고 꼬리곰탕 460gX4개
1116,19,비비고 콩나물황태국 500gX4개
1117,19,CJ명가 직화구이김 4.5gX 30개
1118,19,비비고 순살 삼치구이 60g
1119,19,비비고 파김치 800g
1120,19,비비고 백김치 500gx2개
1121,19,비비고 스팸부대찌개 460g
1122,19,비비고 누룽지닭다리삼계탕 600g
1123,19,비비고 소고기장터국 500g
1124,19,비비고 도가니곰탕 460g
1125,19,비비고 가자미구이 70g
1126,19,행복한콩 콩국물350gX 4개 + 전통냉면사리150gX 4개
1127,19,행복한콩 콩국물350gX 4개 + 삼호 실곤약200gX 4개
1128,19,비비고 진국육수 소고기양지 500gX6개
1129,19,[4+4]비비고 진국육수 소고기양지 500g
1130,19,비비고 진국설렁탕 500g
1131,19,[40%할인] 영양 보양식 골라담기
1132,19,비비고 감자탕 460g
1133,19,주부초밥왕 새콤달콤유부초밥 320g
1134,19,비비고 차돌육개장 500g
1135,19,비비고 총각김치 2.3kg
1136,19,비비고 설렁탕 500g
1137,19,행복한콩 몽글몽글순두부350gx2개
1138,19,비비고 백김치 500g
1139,19,비비고 열무물김치 900gX2개
1140,19,[2+2]CJ명가 버터간장김자반 50g
1141,19,비비고 메추리알장조림 170g
1142,19,비비고 한마리고등어구이 140g
1143,19,[4+4]비비고 진국육수 멸치해물 500g
1144,19,비비고 진국육수 멸치해물 500gX6개
1145,19,비비고 남도식 추어탕 460g
1146,19,비비고 차돌된장찌개 460g
1147,19,비비고 사골시래기된장국 460gX4개
1148,19,비비고 임연수구이 60g
1149,19,비비고 소고기장조림 125g
1150,19,비비고 두부청국장찌개 460gX4개
1151,19,훈제대란 20구
1152,19,비비고 수삼갈비탕 400gx18개(1box)
1153,19,비비고 수삼갈비탕 400gX4개
1154,19,삼호 꼬치어묵 600g
1155,19,육수가득 소불고기 전골_밀키트
1156,19,비비고 썰은배추김치 500gx2개
1157,19,비비고 꼬리곰탕 460g
1158,19,비비고 콩나물황태국 500g
1159,19,비비고 오징어채볶음55g
1160,19,행복한콩 콩국물 350gX 4번들
1161,19,CJ명가 재래김 4gX 16개
1162,19,비비고 전복미역국 460gX4개
1163,19,비비고 별미김치 4종세트 (열무김치/총각김치/파김치/갓김치)
1164,19,CJ명가 한식간장김자반 50gX 2개
1165,19,비비고 묵은지 900gx2개
1166,19,행복한콩 모닝두부 오리엔탈소스 150g
1167,19,삼호 모둠어묵탕374g
1168,19,[1+1]밥이랑 20개입 실속포장 36g
1169,19,비비고 총각김치 900gx2개
1170,19,비비고 썰은배추김치 1.8kg
1171,19,비비고 썰은배추김치1.8kgx2개
1172,19,한입사각유부초밥 400gX 2개
1173,19,삼호 부산어묵 바른사각240g*2
1174,19,행복한콩 국산콩 순두부 330g
1175,19,CJ명가 파래김 4gX 16개
1176,19,비비고 갓김치 900gx2개
1177,19,4無 김밥단무지 370g
1178,19,행복한콩 모닝두부 플레인 140g
1179,19,행복한콩 두부 골라담기
1180,19,CJ 동물복지 유정란15구
1181,19,비비고 썰은배추김치 500g (용기형)
1182,19,밥이랑 20개입 실속포장 36g
1183,19,비비고 삼계탕 800g
1184,19,삼호 가쓰오모둠어묵탕413g
1185,19,주부초밥왕 한입사각유부초밥400g
1186,19,비비고 포기배추김치4.9kg
1187,19,비비고 사골시래기된장국 460g
1188,19,비비고 묵은지 900g
1189,19,비비고 진국육수 소고기양지 500g
1190,19,반숙대란 20구
1191,19,삼호어묵 골라담기
1192,19,삼호 정통어묵탕 336g
1193,19,비비고 포기배추김치1.8kg x2개
1194,19,비비고 찌개 골라담기
1195,19,비비고 두부청국장찌개 460g
1196,19,CJ명가 버터간장김자반50g
1197,19,삼호어묵 안심부산어묵 도톰쫄깃240g*2
1198,19,비비고 견과류멸치볶음60g
1199,19,비비고 수삼갈비탕 400g
1200,19,4無 치자단무지와 우엉 220g
1201,19,비비고 총각김치 900g
1202,19,비비고 썰은배추김치 3kg
1203,19,비비고소고기꽈리고추장조림125g
1204,19,비비고 전복미역국 460g
1205,19,삼호 오색어묵탕365g
1206,19,비비고 열무김치 400g
1207,19,비비고 고추장쥐포볶음60g
1208,19,비비고 포기배추김치 3.3Kg
1209,19,깐메추리알 450g
1210,19,비비고 갓김치 900g
1211,19,하선정 쌈무(새콤한맛) 350g
1212,19,비비고 진국육수 멸치해물 500g
1213,19,비비고칩 오리지널40g
1214,19,삼호 매콤달콤 쫀득어묵볶이330gX 2개
1215,19,주부초밥왕 새콤달콤320g+160g
1216,19,비비고 고등어구이 60g
1217,19,비비고 생선구이 골라담기
1218,19,행복한콩 양념이잘배는찌개두부 300g
1219,19,비비고 파김치 300g
1220,19,비비고무말랭이무침110g
1221,19,비비고 총각김치 400g
1222,19,비비고 보쌈김치 400gx2개
1223,19,즐거운동행 가벼운 고단백 두부면(얇은면) 100g
1224,19,비비고 반찬 골라담기
1225,19,비비고 호두연근조림90g
1226,19,[생산직송]비비고 포기배추김치 5kg X 2개
1227,19,삼호 매콤달콤 쫀득어묵볶이 330g
1228,19,비비고 삼치구이 60g
1229,19,행복한콩 폭신폭신 두부볼 750g
1230,19,CJ명가 지구를생각한바삭한김 4gX 20개
1231,19,삼호 김치모둠어묵탕 396g
1232,19,삼호 오뎅한그릇 얼큰4입
1233,19,삼호 매운어묵꼬치360g
1234,19,1+등급 건강란 15구
1235,19,즐거운동행 가벼운 고단백 두부면(넓은면) 100g
1236,19,깐메추리알 270g
1237,19,[4+4]비비고 진국육수 닭고기 500g
1238,19,비비고 진국육수 닭고기 500gX6개
1239,19,비비고 포기배추김치 더풍부한맛 3.3kg
1240,19,행복한콩 큰두부520g
1241,19,비비고 우리아이한입 백김치 270gx2개
1242,19,명가 감태김 4gX12EA
1243,19,행복한콩 콩비지 320g
1244,19,하선정 쌈무(와사비맛)350g
1245,19,비비고 김치볶음 150gx2개
1246,19,비비고 보쌈김치 400g
1247,19,비비고 썰은배추더풍부한맛 900gx2개
1248,19,삼호 쫀득어묵 500g
1249,19,삼호 순살가득 담은어묵 오리지널240g
1250,19,비비고 썰은배추김치 900gx2개
1251,19,[생산직송]비비고 포기배추김치 5kg
1252,19,비비고 열무를 넣은 총각김치1.3kg
1253,19,밥이랑야채 27g
1254,19,삼호 안심부산어묵 얇은사각300g
1255,19,비비고칩 포테이토40g
1256,19,비비고칩 스위트콘40G
1257,19,삼호 특선모둠어묵탕 301g
1258,19,비비고 우리아이한입 백김치270g
1259,19,행복한콩 촌두부 380g
1260,19,행복한콩 반모두부(150g+150g)
1261,19,비비고 김치볶음150g
1262,19,삼호 실곤약 200g
1263,19,CJ명가 직화구이김 4.5gX 16개
1264,19,주부초밥왕 새콤달콤 꼬마 149.2g
1265,19,명가 초사리곱창돌김 5gX12EA
1266,19,비비고 열무김치 900gx2개
1267,19,삼호 곤약 250g
1268,19,비비고 썰은배추김치 더풍부한맛 900g
1269,19,비비고 썰은배추김치 900g
1270,19,4無 꼬들꼬들 단무지 200g
1271,19,비비고 깍두기 500g
1272,19,비비고 보쌈무김치 150g
1273,19,삼호 안심부산어묵 종합276g*2
1274,19,CJ명가 직화구이김 4.5gX 20개
1275,19,삼호어묵 안심부산어묵 얇은사각200g*2
1276,19,비비고 김치 골라담기
1277,19,비비고 썰은배추김치 500g
1278,19,비비고 묵은지 1.5kg
1279,19,비비고 진국육수 닭고기 500g
1280,19,비비고 진국육수 골라담기
1281,19,하선정 쌈무(새콤한맛) 200g
1282,19,비비고열무김치480gx2개
1283,19,비비고 열무김치 900g
1284,19,비비고 갓김치 300g
1285,19,비비고 석박지를 넣은 포기김치3kg
1286,19,명가 토종김 들기름4gX12ea
1287,19,비비고 우리아이한입 썰은김치270g
1288,19,비비고 썰은배추김치 더풍부 500g(용기형)
1289,19,얼큰 버섯 비비고 만두 전골_밀키트
1290,19,[택배배송] 얼큰 버섯 비비고 만두 전골_밀키트 (유통기한 23.08.30까지)
1291,19,삼호어묵 부산어묵 바른사각 240g
1292,19,4無 맛 단무지 260g
1293,19,CJ명가 토종김 참기름 20gX3ea
1294,19,비비고 김치볶음80g
1295,19,주부초밥왕 새콤달콤 유부초밥 도시락기획280g
1296,19,행복한콩 노릇하게잘구워지는부침두부 300g
1297,19,명가 담백구운김 2gX16ea
1298,19,명가미역 80g
1299,19,하선정 통오이지 1kg
1300,19,두부면 들기름 간장파스타 2인분
1301,19,4無 치자 이절 단무지 400g
1302,19,삼호 만선모둠어묵(꽃게) 726g
1303,19,비비고 열무김치480g
1304,19,주부유부왕 300g
1305,19,비비고 썰은배추김치 100gx6개
1306,19,비비고 김치볶음80g*5EA
1307,19,비비고 김치볶음 80g*5EA
1308,19,비비고 별미김치 골라담기
1309,19,비비고 묵은지400g
1310,19,삼호 순살가득 담은어묵 야채200g
1311,19,하선정 알마늘(간장숙성)380g
1312,19,하선정 통오이지300g
1313,19,[택배배송] 해물 짬뽕 비비고 만두 전골_밀키트 (유통기한 23.09.14까지)
1314,19,해물 짬뽕 비비고 만두 전골_밀키트
1315,19,주부초밥왕 국산콩 328 g
1316,19,김밥용 하선정 우엉조림130g
1317,19,명가 초사리곱창돌김 25gX2EA
1318,19,두부면 토마토파스타 2인분
1319,19,두부면 중화짜장면 2인분
1320,19,하선정 4무첨가 장아찌 150g
1321,19,비비고 썰은배추김치 100g
1322,19,주부초밥왕 새콤달콤꼬마 447.6g
1323,19,비비고 포기배추김치5kg
1324,19,삼호 얇은포 부산어묵 1kg
1325,19,비비고 고등어구이 60g+소스15g
1326,19,하선정 포기김치 3kg
1327,19,하선정 알찬 알마늘 1kg
1328,19,밥이랑 해물 24g
1329,19,하선정 먹기좋게썰어놓은오이지210g
1330,19,하선정 장아찌 1kg
1331,19,비비고 썰은 배추김치 300g(용기)
1332,19,행복한콩 2가지로만 국산콩두부 부침용180gX3
1333,19,CJ 하선정 포기김치 5kg
1334,19,삼호 부산어묵 사각540g
1335,19,하선정 4無 치자 김밥단무지 250g
1336,19,삼호 안심 부산어묵 볼192g
1337,19,CJ명가 직화돌김 4.5gX 16개
1338,19,즐거운동행 가벼운 고단백 쌈두부(사각면) 100g
1339,19,비비고 썰은배추김치 100gX5
1340,19,CJ명가 토종김 참기름5gX6ea
1341,19,밥이랑치즈 27g
1342,19,CJ명가 토종김 참기름 5gX 20개
1343,19,하선정 쌈무(와사비) 200g
1344,19,CJ명가 한식간장김자반 20g
1345,19,비비고 베이컨 김치볶음 70g
1346,19,통단무지 400g
1347,19,하선정 이절단무지 400g
1348,19,삼호 부산어묵 사각200g
1349,19,CJ 동물복지 유정란10구
1350,19,CJ명가 한식간장김 4gX 12개
1351,19,명가 감태김 25gX2EA
1352,19,삼호 부산어묵 떡볶이용사각360g
1353,19,하선정 락교380g
1354,19,행복한콩 2가지로만 국산콩두부 찌개용 180g
1355,19,행복한콩 2가지로만 국산콩두부 부침용 180g
1356,19,비비고 두부김치찌개 460g
1357,19,토종김 참기름 5gX12ea
1358,19,하선정 먹기좋게썰어놓은오이지 1kg
1359,20,[1+1]고메 갈릭치즈 피자 325g
1360,20,고메 갈릭치즈 피자 325g
1361,20,비비고 왕교자 1.05kg
1362,20,[1+1]고메 크리스피너겟 450g
1363,20,고메 바삭쫄깃한 탕수육 450g
1364,20,[소바바 치밥SET] 소이허니 순살 375g x2개+새우볶음밥 420g x2개
1365,20,[맵단 순살SET] 소이허니 순살 375g x2개+순살치킨 고추 450g x1개
1366,20,[소바바치킨SET] 소이허니 순살 375g x3개
1367,20,[소바바+치즈볼SET] 소이허니 순살 375g x1개+소이허니 윙 300g x1개+소이허니 봉 300g x1개+치즈볼 270g x1개
1368,20,[소바바+피자SET] 소이허니 순살 375g x1개+소이허니 윙 300g x1개+소이허니 봉 300g x1개+고메 칠리감바스피자 350g x1개
1369,20,[소바바FULLSET] 소이허니 순살 375g x2개+소이허니 윙 300g x1개+소이허니 봉 300g x1개
1370,20,비비고 진한고기만두400g*2번들
1371,20,비비고 만두 골라담기
1372,20,고메 중화짬뽕 652g
1373,20,고메 중화요리 골라담기
1374,20,고메 크리스피너겟 450g
1375,20,[고메 소바바치킨] 소이허니 순살 375g
1376,20,비비고 물만두 370gx2개
1377,20,[1+1]고메 화끈불닭봉 355g
1378,20,[1+1]고메 숯불향오븐구이 400g
1379,20,비비고 왕교자 455gx2개
1380,20,[소바바치킨SET] 소이허니 윙 300g x3개
1381,20,고메 화끈불닭봉 355g
1382,20,비비고 교자만두 골라담기
1383,20,비비고 김치 왕교자 420gx2개
1384,20,고메 숯불향오븐구이 400g
1385,20,[고메 소바바치킨] 소이허니 윙 300g
1386,20,비비고 수제진한김치만두 400gx2
1387,20,고메치킨 후라이드550g
1388,20,[1+1]고메 스윗치즈 피자 325g
1389,20,[소바바치킨SET] 소이허니 봉 300g x3개
1390,20,[2+2]고메 꿀고구마치즈 피자 140g
1391,20,[1+1]고메 칠리감바스 피자 350g
1392,20,고메 바삭탱글한 칠리새우 300g
1393,20,비비고 새우왕교자 315gx2번들
1394,20,고메 간식 골라담기
1395,20,고메 스윗치즈 피자 325g
1396,20,[2+2]고메 허니베이컨체다 피자 135g
1397,20,[1+1]고메 토마토치즈 피자 345g
1398,20,[고메 소바바치킨] 소이허니 봉 300g
1399,20,[1+1]고메 알싸쯔란봉 355g
1400,20,고메 바삭쫄깃한 탕수육 900g
1401,20,고메 칠리감바스 피자 350g
1402,20,[1+1][식물성] 플랜테이블 왕교자 420g*2 (유통기한 23.10.04까지)
1403,20,고메 싱글피자 골라담기
1404,20,고메 꿀고구마치즈 피자 140g
1405,20,고메 토마토치즈 피자 345g
1406,20,고메 알싸쯔란봉 355g
1407,20,고메 중화짜장 760g
1408,20,고메 클래식 콤비네이션 피자 405g
1409,20,[식물성] 플랜테이블 왕교자 420g*2 (유통기한 23.10.04까지)
1410,20,고메 허니베이컨체다 피자 135g
1411,20,비비고 바삭군교자 360g*2
1412,20,고메 바삭촉촉한 깐풍기 450g
1413,20,비비고 깻잎고기만두400g*2
1414,20,[2+2]고메 케이준프라이즈 피자 145g
1415,20,고메 시카고피자 골라담기
1416,20,고메 페퍼로니토마토 시카고피자 390g
1417,20,비비고 매운왕교자 385gx2번들
1418,20,고메 로제크림치킨 시카고피자 400g
1419,20,고메 순살크리스피 치킨 고추크런치 450g
1420,20,[1+1]비비고X호족반 트러플감자전만두 350g*2번들 (유통기한 23.08.28까지)
1421,20,고메 소보로 고르곤졸라 시카고 피자 370g
1422,20,고메 순살치킨 스윗허니 450g
1423,20,비비고 찰보리 감자만두 600gx2개
1424,20,고메 케이준프라이즈 피자 145g
1425,20,고메 중화게살볶음밥 420g
1426,20,비비고 군만두 450g*2EA
1427,20,비비고X호족반 트러플감자전만두 350g*2번들 (유통기한 23.08.28까지)
1428,20,고메 클래식 불고기 피자 405g
1429,20,고메치킨 달콤양념 550g
1430,20,비비고X호족반 NY 양념갈비만두 384g*2번들
1431,20,비비고 든든한섬만두 384g*2
1432,20,비비고 왕교자 라이트 455g*2EA
1433,20,비비고 왕교자 420g
1434,20,비비고 청양고기만두 400g*2
1435,20,고메 바삭쫄깃한 사천탕수육 450g
1436,20,고메 삼선해물볶음밥 420g
1437,20,고메 마르게리타 피자 325g
1438,20,크레잇 전문점 물만두 1kg
1439,20,고메 치킨 후라이드 850g
1440,20,비비고 김치왕교자 라이트 455g*2EA
1441,20,크레잇 전문점 고기왕만두 1.4kg
1442,20,[고메x덕후선생] 고메 덕후선생 마장반면 425g
1443,20,CJ 꼬마너겟 750g
1444,20,프레시웨이 간식/아이스크림 골라담기
1445,20,비비고 진한고기만두980g
1446,20,고메 중화소고기볶음밥 420g
1447,20,크레잇 전문점 김치왕만두1.4kg
1448,20,비비고 찰보리 감자만두 400gx2개
1449,20,[고메x덕후선생] 고메 덕후선생 쯔란갈비 465g
1450,20,CJ 교자만두1.41kg
1451,20,비비고 든든소고기한섬만두320g*2
1452,20,숯불향 닭강정 200g
1453,20,빕스 버팔로 윙봉 3팩 세트
1454,20,[고메x덕후선생] 고메 호남식납육초반 420g
1455,20,비비고 닭가슴살왕교자 라이트455g*2EA
1456,20,고메 콰트로포르마지 피자 310g
1457,20,CJ 납작군만두 700g
1458,20,비비고 김치왕만두 420gx2
1459,20,고메x롯데리아 불고기버거 피자 410g
1460,20,[식물성] 비비고 플랜테이블김치왕교자 420g*2번들
1461,20,비비고 버섯소고기만두618g
1462,20,크레잇 테이스티박스 만두그라탕 240g
1463,20,비비고 청양고추 찐만두 168g
1464,20,비비고 왕만두490gx2개
1465,20,고메 미니치즈너겟 400g
1466,20,중화요리간짜장 2인분 630g
1467,20,비비고 청양고추 찐만두 392gX2개
1468,20,비비고 찐만두168g
1469,20,[식물성] 플랜테이블 김치왕교자420g
1470,20,이츠웰 빵가루왕새우튀김300gx3개
1471,20,이츠웰 빵가루코코넛새우튀김200gx3개
1472,20,비비고 찐만두 392gX2개
1473,20,"빕스 피자 4종(페퍼로니,고르곤졸라,콤비네이션,불고기)"
1474,20,비비고 진한김치만두200g
1475,20,[식물성] 플랜테이블 왕교자420g
1476,20,바삭군만두 445g*2EA
1477,20,비비고 깔끔고기만두200g
1478,20,옥사부반점 광동식난자완스250gx3개
1479,20,옥사부반점 사천식류산슬250gx3개
1480,21,고메 치즈크리스피핫도그 340g
1481,21,맛밤 42gx10입
1482,21,고메 빅크리스피핫도그520g
1483,21,고메 포테이토치즈 핫도그400g
1484,21,[3+3]쁘띠첼 워터젤리포도 130ml
1485,21,쁘띠첼 워터젤리포도 130ml
1486,21,밀당의고수 바삭한 김말이 400g
1487,21,고메 간식 골라담기
1488,21,고메 오리지널 핫도그 400g
1489,21,[1+1]맥스봉 프로틴 675G (45g*15EA)
1490,21,[3+3]밸런스밀 프로틴쿠키 치즈맛 40g
1491,21,즐거운동행미정당 국물떡볶이401.2g
1492,21,밀당의고수 쫄면 4인
1493,21,고메 통모짜 핫도그 340g
1494,21,[3+3]미정당 어묵떡볶이346g(용기형)
1495,21,EXCYCLE 바삭칩 오리지널 45g
1496,21,[3+3]미정당 컵 쫄면볶이 212.2g
1497,21,고메 크리스피핫도그 400g
1498,21,고메 베이커리 치즈볼 270g
1499,21,밸런스밀 프로틴쿠키 치즈맛 40g
1500,21,고메 크리스피 핫도그 720g
1501,21,[3+3]톡톡까먹어밤 500g
1502,21,미정당 방앗간 가래떡 떡볶이 400g
1503,21,[3+3]미정당비엔나떡볶이300g(용기형)
1504,21,맥스봉치즈162g
1505,21,맛밤 80g
1506,21,크레잇 간편식 골라담기
1507,21,톡톡까먹어밤 500g
1508,21,EXCYCLE 바삭칩 핫스파이시 45g
1509,21,미정당 어묵떡볶이346g
1510,21,쁘띠첼 워터젤리복숭아 130ml
1511,21,쁘띠첼과일젤리밀감210g
1512,21,비비고칩 오리지널40g
1513,21,크레잇 테이스티박스 다시다떡볶이 265g
1514,21,크레잇 바베큐치즈핫랩175g
1515,21,쁘띠첼 밀감 90gx6개
1516,21,미정당 컵 쫄면볶이 212.2g
1517,21,쁘띠첼과일젤리파인애플 210g
1518,21,쁘띠첼과일젤리복숭아210g
1519,21,밀당의고수 쫄면 2인
1520,21,EXCYCLE 바삭칩 트러플 45g
1521,21,쁘띠첼 포도 90gx6개
1522,21,크레잇 스팸에그치즈핫랩 175g
1523,21,맥스봉 구운풍미 마늘 후랑크 80g
1524,21,미정당비엔나떡볶이300g(용기형)
1525,21,미정당 매콤까르보나라 누들떡볶이
1526,21,프레시웨이 간식/아이스크림 골라담기
1527,21,쁘띠첼과일젤리포도210g
1528,21,고메 베이커리 크로와상 330g
1529,21,쁘띠첼 복숭아 90gx6개
1530,21,고메 베이커리 크로와상 630g (유통기한 23.09.26까지)
1531,21,즐거운동행미정당 순쌀떡볶이401.2g
1532,21,미정당 스파이시로제떡볶이 376g
1533,21,쁘띠첼 요거젤리 블루베리 210g
1534,21,맥스봉 치즈 525g(35g*15ea)
1535,21,비비고칩 포테이토40g
1536,21,비비고칩 스위트콘40G
1537,21,쁘띠첼 요거젤리 딸기 210g
1538,21,쁘띠첼 요거젤리 화이트코코 210g
1539,21,달콤한 쁘띠첼 골라담기
1540,21,크레잇 테이스티박스 콰트로 콘맥앤치즈 250g
1541,21,맥스봉 청양고추 후랑크80g
1542,21,쁘띠첼 복숭아 90gx3개
1543,21,쁘띠첼 워터젤리 골라담기
1544,21,쁘띠첼 워터젤리오렌지 130ml
1545,21,쁘띠첼 요거젤리 복숭아 210g
1546,21,해쉬브라운 냉동감자 1.2kg
1547,21,쁘띠첼 자몽상큼함듬뿍워터젤리 130ml
1548,21,쁘띠첼 워터젤리사과 130ml
1549,21,쁘띠첼 코코그린애플 210g
1550,21,쁘띠첼 망고달달함듬뿍워터젤리 130ml
1551,21,크레잇 트러플맥앤치즈핫랩175g
1552,21,맥스봉치즈825g
1553,21,맥스봉 오리지널 525g
1554,21,쁘띠첼 파인애플달콤함듬뿍워터젤리 130ml
1555,21,고메 베이커리 플레인스콘 400g
1556,21,즐거운동행 미정당 국물떡볶이 4인분기획 912.4g
1557,21,[가정의달] 촉촉한 꿀고구마 말랭이 선물세트
1558,21,크레잇 꼬마핫도그 1.25kg(50gX 25개)
1559,21,이츠웰 포켓팝콘 카라멜맛 25g X 10봉
1560,21,케이준프라이 냉동감자 2kg
1561,21,고메 베이커리 크림치즈파이370g
1562,21,즐거운동행 미정당 쫄볶이 470g
1563,21,쁘띠첼 요거젤리 밀감 210g
1564,21,이츠웰 포켓팝콘 크리미카라멜맛 25g
1565,21,맛밤 42g
1566,21,쁘띠첼 밀감 90gx3개
1567,21,맥스봉치즈1.08kg
1568,21,맥스봉 숯불구이맛 핫바 70g
1569,21,쁘띠첼 망고90gx3개
1570,21,쁘띠첼 망고 90g
1571,21,울트라레귤러컷 냉동감자 2kg
1572,21,쁘띠첼 요거젤리 딸기 90gx3개
1573,21,맥스봉 체다치즈어랏400g (20g*20EA)
1574,21,맥스봉 직화구이꼬치바오리지널 70g
1575,21,맥스봉 치즈후랑크70g
1576,21,쁘띠첼 요거젤리 밀감 90gx3개
1577,21,쁘띠첼 복숭아 90g
1578,21,서울우유 흰우유 아이스크림 474ml 3개
1579,21,쁘띠첼파인애플90g
1580,21,쁘띠첼 코코포도 90gx3개
1581,21,쁘띠첼 밀감 90g
1582,21,햇반 라이스크림 흰쌀밥 2입 + 흑미밥 2입
1583,21,맥스봉 크레이지핫 핫바90g
1584,21,맥스봉 직화구이꼬치바청양고추 70g
1585,21,쿠캣 티라미수쏙 찹쌀떡 540g
1586,21,이츠웰 포켓팝콘 블라썸맛 25g X 10봉
1587,21,"비요뜨 아이스크림 3종(딸기, 블루베리, 초코볼)"
1588,21,구워만든 곡물그대로 21 블랙에디션
1589,21,[가정의달] 구워만든 곡물그대로 21 블랙에디션
1590,21,쁘띠첼 워터젤리 포도 160ml
1591,21,이츠웰 포켓팝콘 화이트블라썸 25g
1592,21,쁘띠첼 요거젤리복숭아 90gx6개
1593,21,쁘띠첼 복숭아 90gx9개
1594,21,이츠웰 포켓팝콘 딸기맛 25g X 10봉
1595,21,쁘띠첼요거젤리 화이트코코 90g
1596,21,이츠웰 포켓팝콘 딸기맛 25g
1597,21,이츠웰 허니버터아몬드 10g X 40봉
1598,21,비요뜨 아이스크림 초코볼x3개
1599,21,햇반 흑미밥 라이스크림 4개
1600,21,맥스봉 빅소시지 150g
1601,21,비요뜨 아이스크림 딸기x3개
1602,21,비요뜨 아이스크림 블루베리x3개
1603,21,쿠캣 딸기쏙우유 찹쌀떡 540g
1604,21,EXCYCLE 바삭칩 골라담기
1605,21,햇반 흰쌀밥 라이스크림 4개
1606,21,쁘띠첼x공차 클래식밀크티젤리 160g
1607,21,쁘띠첼x공차 자몽블랙티젤리 160g
1608,21,쁘띠첼x공차 망고요구르트젤리 160g
1609,21,슈스트링 냉동감자 2kg
1610,22,[5+5]고메 함박스테이크 152g
1611,22,고메 함박스테이크 152g
1612,22,[2+2]고메 토마토미트볼 147G
1613,22,고메 토마토미트볼 147g
1614,22,고메 바삭튀겨낸통등심돈카츠450g
1615,22,비비고 남도떡갈비 450g
1616,22,고메 바삭튀겨낸모짜렐라돈카츠450g
1617,22,비비고 도톰동그랑땡 560g
1618,22,비비고 한식반찬 골라담기
1619,22,[2+2]플랜테이블 토마토미트볼 165G
1620,22,[2+2][식물성]고메 플랜테이블 함박스테이크 150g
1621,22,비비고 한입떡갈비 282gx2개
1622,22,[식물성]플랜테이블 토마토미트볼165g
1623,22,CJ 꼬마돈까스 1.2kg
1624,22,고메함박스테이크 540g
1625,22,비비고 언양식 바싹불고기 460g
1626,22,꼬마새우까스 250g
1627,22,[식물성]고메 플랜테이블 함박스테이크 150g
1628,22,꼬마 돈까스 400g
1629,22,백설 야채고기말이 448g
1630,22,비비고 도톰해물완자510g
1631,22,비비고 도톰해물완자 795g
1632,22,크레잇 테이스티박스 블랙페퍼 폭찹 스테이크 300g
1633,22,백설너비아니560g
1634,22,고메치즈함박스테이크152g
1635,22,고메 치즈함박스테이크 465g
1636,22,비비고 매콤바싹불고기 460g
1637,22,[식물성] 비비고 플랜테이블 떡갈비 450g
1638,22,고메 미니치즈카츠 450g
1639,22,숯불향바베큐바 280g
1640,22,동그랑땡200g*2
1641,22,빕스 하와이안 찹스테이크 3팩
1642,22,[식물성] 고메 플랜테이블 함박스테이크 540g
1643,22,빕스 단호박 찹스테이크 3팩
1644,23,[5+5]더건강한 닭가슴살 직화 통살구이100g
1645,23,[3+3]김처럼 밥에 싸먹는 햄 구이 한판 60g
1646,23,더건강한 닭가슴살 직화 통살구이100g
1647,23,김처럼 밥에 싸먹는 햄 구이 한판 60g
1648,23,[3+3]더건강한 닭가슴살 큐브톡톡 ALL 96g
1649,23,[5+5]더건강한 닭가슴살 직화 스테이크100g
1650,23,햄스빌굿베이컨130g*3
1651,23,[2+2]더건강한 닭가슴살 청양 소시지 120g
1652,23,육공육 더블에이징 후랑크 460g
1653,23,[1+1]백설 햄스빌두툼한굿베이컨340g
1654,23,스팸마일드(25%라이트) 200g
1655,23,[3+3]더건강한 닭가슴살 소시지120g
1656,23,[3+3]더건강한 닭가슴살 직화 화다닭 75g
1657,23,백설 햄스빌두툼한굿베이컨340g
1658,23,더건강한 닭가슴살 큐브톡톡 ALL 96g
1659,23,더건강한 닭가슴살 직화 스테이크100g
1660,23,[2+2]스팸 싱글 25%라이트 80g
1661,23,The더건강한 그릴비엔나280g*2
1662,23,[2+2]더건강한 닭가슴살 샌드위치햄 90g
1663,23,더건강한 닭가슴살 청양 소시지 120g
1664,23,육공육 통삼겹 바베큐 갈릭&바질 300g
1665,23,[2+2]더건강한 닭가슴살 쏙쏙한입큐브80g
1666,23,스팸클래식 200gx3번들(노캡)
1667,23,더건강한 닭가슴살 소시지120g
1668,23,[3+3]더건강한 닭가슴살 꼬지 청양고추 80g
1669,23,스팸 싱글 25%라이트 80g
1670,23,더건강한 닭가슴살 직화 화다닭 75g
1671,23,백설 한입쏙비엔나120g*3
1672,23,더건강한 닭가슴살 쏙쏙한입큐브80g
1673,23,닭가슴살 골라담기
1674,23,육공육 더블에이징 비엔나 475g
1675,23,더건강한 닭가슴살 비엔나 120g
1676,23,더건강한 닭가슴살 샌드위치햄 90g
1677,23,스팸라이트 200gx3번들(노캡)
1678,23,맥스봉 팝비엔나 120g
1679,23,맥스봉 팝비엔나 120g
1680,23,더건강한 닭가슴살 꼬지 청양고추 80g
1681,23,[2+2]더건강한 닭가슴살 소시지(꼬치)80g
1682,23,육공육 더블에이징 롱후랑크 250g
1683,23,육공육 골라담기
1684,23,육공육 더블에이징 킬바사 270g
1685,23,육공육 통삼겹 바베큐 페퍼 300g
1686,23,The더건강한 그릴후랑크300g*2
1687,23,더건강한 닭가슴살 소시지(꼬치)80g
1688,23,The더건강한 그릴비엔나 200g*2
1689,23,The더건강한 샌드위치햄 90g
1690,23,더건강한 의성마늘햄 150g
1691,23,백설 칼집 그릴후랑크 300g*2
1692,23,육공육 더블에이징 후랑크 허브&페퍼 360g
1693,23,스팸 김밥햄 260g
1694,23,The더건강한 그릴김밥햄 140g*2
1695,23,육공육 더블에이징 비엔나 225g
1696,23,백설 숯불구이맛김밥햄 260g
1697,23,더건강한 닭가슴살 통살 페퍼 100g
1698,23,백설 칼집 그릴후랑크 마늘맛 225gx2
1699,23,백설 그릴후랑크 240g*2
1700,23,백설햄 알찬 소시지 500g
1701,23,스팸라이트 340gx3번들(노캡)
1702,23,아메리칸 핫도그용 포크소시지 950g
1703,23,스팸클래식200g
1704,23,스팸클래식340gx3번들
1705,23,정말맛있는소시지160g
1706,23,햄스빌베이컨165g*2
1707,23,The더건강한 오리지널 부어스트 260g*2
1708,23,백설 캠핑에딱그릴후랑크마늘맛 300gx2번들
1709,23,The더건강한 그릴비엔나 200g
1710,23,햄스빌 굿베이컨130g*2
1711,23,백설 숯불갈비후랑크120g
1712,23,백설 구이한판 그릴스모크 60g
1713,23,The더건강한 후랑크 150g
1714,23,백설 오리지널후랑크 500g
1715,23,스팸마일드(25%라이트) 340g
1716,23,햄스빌베이컨160g
1717,23,스팸 클래식 340g
1718,23,햄스빌 바로먹는햄 등심 140g
1719,23,스팸 싱글 클래식 80g
1720,23,백설 구이한판 그릴스모크 60gX4
1721,23,백설 한입쏙 비엔나 120g*2
1722,23,스팸리치치즈 200gx3번들(노캡)
1723,23,햄스빌 아침에 베이컨 70g
1724,23,백설 오리지널 비엔나400g
1725,23,스팸 리치치즈 200g
1726,23,The더건강한 등심슬라이스250g
